Glycan,Abbreviation,Monosaccharide composition,Glycosidic topology,Linkage defined structure,Monosaccharide Composition (WURCS),Glycosidic topology (WURCS),Linkage defined structure (WURCS),結合様式などの参照：リンク,possible WURCS
Control,BSA-Cy3,,,,,,,topology subsumption link,
GL1,KB03_21,G70415AN,G01747AF,G78255UI,"WURCS=2.0/3,5,4/[a2122h-1x_1-5_2*NCC/3=O][a1122h-1x_1-5][a212h-1x_1-5]/1-1-2-2-3/a?|b?|c?|d?|e?}-{a?|b?|c?|d?|e?_a?|b?|c?|d?|e?}-{a?|b?|c?|d?|e?_a?|b?|c?|d?|e?}-{a?|b?|c?|d?|e?_a?|b?|c?|d?|e?}-{a?|b?|c?|d?|e?","WURCS=2.0/3,5,4/[a2122h-1x_1-5_2*NCC/3=O][a1122h-1x_1-5][a212h-1x_1-5]/1-1-2-2-3/a?-b1_b?-c1_c?-d1_c?-e1","WURCS=2.0/4,5,4/[a2122h-1b_1-5_2*NCC/3=O][a1122h-1b_1-5][a212h-1b_1-5][a1122h-1a_1-5]/1-1-2-3-4/a4-b1_b4-c1_c2-d1_c6-e1",https://beta.glycosmos.org/glycans/mass/G01747AF?minimum=truelhttps://beta.glycosmos.org/glycans/mass/G16646HR?minimum=truel,
GL2,KB01_96,G70415AN,G01747AF,G71469XA,,"WURCS=2.0/3,5,4/[a2122h-1x_1-5_2*NCC/3=O][a1122h-1x_1-5][a212h-1x_1-5]/1-1-2-2-3/a?-b1_b?-c1_c?-d1_c?-e1","WURCS=2.0/4,5,4/[a2122h-1b_1-5_2*NCC/3=O][a1122h-1b_1-5][a212h-1b_1-5][a1122h-1a_1-5]/1-1-2-3-4/a4-b1_b4-c1_c2-d1_c3-e1",https://beta.glycosmos.org/glycans/mass/G01747AF?minimum=truelhttps://beta.glycosmos.org/glycans/mass/G16646HR?minimum=truel,
GL3,KB03_19,G59956HY,G99303PW,G86156UJ,"WURCS=2.0/3,6,5/[a2122h-1x_1-5_2*NCC/3=O][a1122h-1x_1-5][a212h-1x_1-5]/1-1-1-2-2-3/a?|b?|c?|d?|e?|f?}-{a?|b?|c?|d?|e?|f?_a?|b?|c?|d?|e?|f?}-{a?|b?|c?|d?|e?|f?_a?|b?|c?|d?|e?|f?}-{a?|b?|c?|d?|e?|f?_a?|b?|c?|d?|e?|f?}-{a?|b?|c?|d?|e?|f?_a?|b?|c?|d?|e?|f?}-{a?|b?|c?|d?|e?|f?","WURCS=2.0/3,6,5/[a2122h-1x_1-5_2*NCC/3=O][a1122h-1x_1-5][a212h-1x_1-5]/1-1-2-2-1-3/a?-b1_b?-c1_c?-d1_c?-f1_d?-e1","WURCS=2.0/5,6,5/[a2122h-1x_1-5_2*NCC/3=O][a2122h-1b_1-5_2*NCC/3=O][a1122h-1b_1-5][a212h-1b_1-5][a1122h-1a_1-5]/1-2-3-4-5-2/a4-b1_b4-c1_c2-d1_c3-e1_e2-f1",https://beta.glycosmos.org/glycans/mass/G99303PW?minimum=truelhttps://beta.glycosmos.org/glycans/mass/G16646HR?minimum=truel,
GL4,KB02_87,G70415AN,G09252PC,G10789DJ,"WURCS=2.0/3,5,4/[a2122h-1x_1-5_2*NCC/3=O][a1122h-1x_1-5][a212h-1x_1-5]/1-1-2-2-3/a?|b?|c?|d?|e?}-{a?|b?|c?|d?|e?_a?|b?|c?|d?|e?}-{a?|b?|c?|d?|e?_a?|b?|c?|d?|e?}-{a?|b?|c?|d?|e?_a?|b?|c?|d?|e?}-{a?|b?|c?|d?|e?","WURCS=2.0/3,7,6/[a2122h-1x_1-5_2*NCC/3=O][a1122h-1x_1-5][a212h-1x_1-5]/1-1-2-2-1-2-3/a?-b1_b?-c1_c?-d1_c?-f1_c?-g1_d?-e1","WURCS=2.0/4,7,6/[a2122h-1b_1-5_2*NCC/3=O][a1122h-1b_1-5][a212h-1b_1-5][a1122h-1a_1-5]/1-1-2-3-4-4-1/a4-b1_b4-c1_c2-d1_c3-e1_c6-f1_f2-g1",https://beta.glycosmos.org/glycans/mass/G09252PC?minimum=truelhttps://beta.glycosmos.org/glycans/mass/G16646HR?minimum=truel,
GL5,KB02_110,G70415AN,G09252PC,G32473MI,,"WURCS=2.0/3,7,6/[a2122h-1x_1-5_2*NCC/3=O][a1122h-1x_1-5][a212h-1x_1-5]/1-1-2-2-1-2-3/a?-b1_b?-c1_c?-d1_c?-f1_c?-g1_d?-e1","WURCS=2.0/4,7,6/[a2122h-1b_1-5_2*NCC/3=O][a1122h-1b_1-5][a212h-1b_1-5][a1122h-1a_1-5]/1-1-2-3-4-1-4/a4-b1_b4-c1_c2-d1_c3-e1_c6-g1_e2-f1",https://beta.glycosmos.org/glycans/mass/G09252PC?minimum=truelhttps://beta.glycosmos.org/glycans/mass/G16646HR?minimum=truel,
GL6,KB02_90,G81399UM,G80876DA,G93351GM,"WURCS=2.0/3,8,7/[a2122h-1x_1-5_2*NCC/3=O][a1122h-1x_1-5][a212h-1x_1-5]/1-1-1-1-2-2-2-3/a?|b?|c?|d?|e?|f?|g?|h?}-{a?|b?|c?|d?|e?|f?|g?|h?_a?|b?|c?|d?|e?|f?|g?|h?}-{a?|b?|c?|d?|e?|f?|g?|h?_a?|b?|c?|d?|e?|f?|g?|h?}-{a?|b?|c?|d?|e?|f?|g?|h?_a?|b?|c?|d?|e?|f?|g?|h?}-{a?|b?|c?|d?|e?|f?|g?|h?_a?|b?|c?|d?|e?|f?|g?|h?}-{a?|b?|c?|d?|e?|f?|g?|h?_a?|b?|c?|d?|e?|f?|g?|h?}-{a?|b?|c?|d?|e?|f?|g?|h?_a?|b?|c?|d?|e?|f?|g?|h?}-{a?|b?|c?|d?|e?|f?|g?|h?","WURCS=2.0/3,8,7/[a2122h-1x_1-5_2*NCC/3=O][a1122h-1x_1-5][a212h-1x_1-5]/1-1-2-2-1-2-1-3/a?-b1_b?-c1_c?-d1_c?-f1_c?-h1_d?-e1_f?-g1","WURCS=2.0/4,8,7/[a2122h-1b_1-5_2*NCC/3=O][a1122h-1b_1-5][a212h-1b_1-5][a1122h-1a_1-5]/1-1-2-3-4-1-4-1/a4-b1_b4-c1_c2-d1_c3-e1_c6-g1_e2-f1_g2-h1",https://beta.glycosmos.org/glycans/mass/G80876DA?minimum=truelhttps://beta.glycosmos.org/glycans/mass/G16646HR?minimum=truel,
GL7,KB03_83,G14903NF,G03510DR,G57449OF,"WURCS=2.0/3,6,5/[a2122h-1x_1-5_2*NCC/3=O][a1122h-1x_1-5][a212h-1x_1-5]/1-1-2-2-2-3/a?|b?|c?|d?|e?|f?}-{a?|b?|c?|d?|e?|f?_a?|b?|c?|d?|e?|f?}-{a?|b?|c?|d?|e?|f?_a?|b?|c?|d?|e?|f?}-{a?|b?|c?|d?|e?|f?_a?|b?|c?|d?|e?|f?}-{a?|b?|c?|d?|e?|f?_a?|b?|c?|d?|e?|f?}-{a?|b?|c?|d?|e?|f?","WURCS=2.0/3,6,5/[a2122h-1x_1-5_2*NCC/3=O][a1122h-1x_1-5][a212h-1x_1-5]/1-1-2-2-2-3/a?-b1_b?-c1_c?-d1_c?-e1_c?-f1","WURCS=2.0/4,6,5/[a2122h-1b_1-5_2*NCC/3=O][a1122h-1b_1-5][a212h-1b_1-5][a1122h-1a_1-5]/1-1-2-3-4-4/a4-b1_b4-c1_c2-d1_c3-e1_c6-f1",https://beta.glycosmos.org/glycans/mass/G03510DR?minimum=truelhttps://beta.glycosmos.org/glycans/mass/G16646HR?minimum=truel,
GL8,KB03_42,G12602QA,G75067CP,G68461PT,"WURCS=2.0/4,6,5/[a1221m-1x_1-5][a2122h-1x_1-5_2*NCC/3=O][a1122h-1x_1-5][a212h-1x_1-5]/1-2-2-3-3-4/a?|b?|c?|d?|e?|f?}-{a?|b?|c?|d?|e?|f?_a?|b?|c?|d?|e?|f?}-{a?|b?|c?|d?|e?|f?_a?|b?|c?|d?|e?|f?}-{a?|b?|c?|d?|e?|f?_a?|b?|c?|d?|e?|f?}-{a?|b?|c?|d?|e?|f?_a?|b?|c?|d?|e?|f?}-{a?|b?|c?|d?|e?|f?","WURCS=2.0/4,6,5/[a2122h-1x_1-5_2*NCC/3=O][a1122h-1x_1-5][a212h-1x_1-5][a1221m-1x_1-5]/1-1-2-2-3-4/a?-b1_a?-f1_b?-c1_c?-d1_c?-e1","WURCS=2.0/5,6,5/[a2122h-1b_1-5_2*NCC/3=O][a1221m-1a_1-5][a1122h-1b_1-5][a212h-1b_1-5][a1122h-1a_1-5]/1-2-1-3-4-5/a3-b1_a4-c1_c4-d1_d2-e1_d3-f1",https://beta.glycosmos.org/glycans/mass/G75067CP?minimum=truelhttps://beta.glycosmos.org/glycans/mass/G73636FD?minimum=truel,
GL9,KB03_89,G93787PY,G39125ND,G26295XE,"WURCS=2.0/4,7,6/[a1221m-1x_1-5][a2122h-1x_1-5_2*NCC/3=O][a1122h-1x_1-5][a212h-1x_1-5]/1-2-2-3-3-3-4/a?|b?|c?|d?|e?|f?|g?}-{a?|b?|c?|d?|e?|f?|g?_a?|b?|c?|d?|e?|f?|g?}-{a?|b?|c?|d?|e?|f?|g?_a?|b?|c?|d?|e?|f?|g?}-{a?|b?|c?|d?|e?|f?|g?_a?|b?|c?|d?|e?|f?|g?}-{a?|b?|c?|d?|e?|f?|g?_a?|b?|c?|d?|e?|f?|g?}-{a?|b?|c?|d?|e?|f?|g?_a?|b?|c?|d?|e?|f?|g?}-{a?|b?|c?|d?|e?|f?|g?","WURCS=2.0/4,7,6/[a2122h-1x_1-5_2*NCC/3=O][a1122h-1x_1-5][a212h-1x_1-5][a1221m-1x_1-5]/1-1-2-2-2-3-4/a?-b1_a?-g1_b?-c1_c?-d1_c?-e1_c?-f1","WURCS=2.0/5,7,6/[a2122h-1b_1-5_2*NCC/3=O][a1221m-1a_1-5][a1122h-1b_1-5][a212h-1b_1-5][a1122h-1a_1-5]/1-2-1-3-4-5-5/a3-b1_a4-c1_c4-d1_d2-e1_d3-f1_d6-g1",https://beta.glycosmos.org/glycans/mass/G39125ND?minimum=truelhttps://beta.glycosmos.org/glycans/mass/G16646HR?minimum=truel,
GL10,KB03_99,G70426HQ,G49328GB,G37036SF,"WURCS=2.0/4,8,7/[a1221m-1x_1-5][a2122h-1x_1-5_2*NCC/3=O][a1122h-1x_1-5][a212h-1x_1-5]/1-1-2-2-3-3-3-4/a?|b?|c?|d?|e?|f?|g?|h?}-{a?|b?|c?|d?|e?|f?|g?|h?_a?|b?|c?|d?|e?|f?|g?|h?}-{a?|b?|c?|d?|e?|f?|g?|h?_a?|b?|c?|d?|e?|f?|g?|h?}-{a?|b?|c?|d?|e?|f?|g?|h?_a?|b?|c?|d?|e?|f?|g?|h?}-{a?|b?|c?|d?|e?|f?|g?|h?_a?|b?|c?|d?|e?|f?|g?|h?}-{a?|b?|c?|d?|e?|f?|g?|h?_a?|b?|c?|d?|e?|f?|g?|h?}-{a?|b?|c?|d?|e?|f?|g?|h?_a?|b?|c?|d?|e?|f?|g?|h?}-{a?|b?|c?|d?|e?|f?|g?|h?","WURCS=2.0/4,8,7/[a2122h-1x_1-5_2*NCC/3=O][a1122h-1x_1-5][a212h-1x_1-5][a1221m-1x_1-5]/1-1-2-2-2-3-4-4/a?-b1_a?-g1_a?-h1_b?-c1_c?-d1_c?-e1_c?-f1","WURCS=2.0/5,8,7/[a2122h-1b_1-5_2*NCC/3=O][a1221m-1a_1-5][a1122h-1b_1-5][a212h-1b_1-5][a1122h-1a_1-5]/1-2-1-3-4-5-5-2/a3-b1_a4-c1_a6-h1_c4-d1_d2-e1_d3-f1_d6-g1",×,"WURCS=2.0/5,8,7/[a2122h-1b_1-5_2*NCC/3=O][a1221m-1a_1-5][a1122h-1b_1-5][a212h-1b_1-5][a1122h-1a_1-5]/1-2-1-3-4-5-5-2/a3-b1_a4-c1_a6-h1_c4-d1_d2-e1_d3-f1_d6-g1"
GL11,KB03_41,G06862EN,G98745EI,G26125KY,"WURCS=2.0/4,7,6/[a1221m-1x_1-5][a2122h-1x_1-5_2*NCC/3=O][a1122h-1x_1-5][a212h-1x_1-5]/1-2-2-2-3-3-4/a?|b?|c?|d?|e?|f?|g?}-{a?|b?|c?|d?|e?|f?|g?_a?|b?|c?|d?|e?|f?|g?}-{a?|b?|c?|d?|e?|f?|g?_a?|b?|c?|d?|e?|f?|g?}-{a?|b?|c?|d?|e?|f?|g?_a?|b?|c?|d?|e?|f?|g?}-{a?|b?|c?|d?|e?|f?|g?_a?|b?|c?|d?|e?|f?|g?}-{a?|b?|c?|d?|e?|f?|g?_a?|b?|c?|d?|e?|f?|g?}-{a?|b?|c?|d?|e?|f?|g?","WURCS=2.0/4,7,6/[a2122h-1x_1-5_2*NCC/3=O][a1122h-1x_1-5][a212h-1x_1-5][a1221m-1x_1-5]/1-1-2-2-1-3-4/a?-b1_a?-g1_b?-c1_c?-d1_c?-f1_d?-e1","WURCS=2.0/5,7,6/[a2122h-1b_1-5_2*NCC/3=O][a1221m-1a_1-5][a1122h-1b_1-5][a212h-1b_1-5][a1122h-1a_1-5]/1-2-1-3-4-5-1/a3-b1_a4-c1_c4-d1_d2-e1_d3-f1_f2-g1",https://beta.glycosmos.org/glycans/mass/G98745EI?minimum=truelhttps://beta.glycosmos.org/glycans/mass/G16646HR?minimum=truel,"WURCS=2.0/5,7,6/[a2122h-1b_1-5_2*NCC/3=O][a1221m-1a_1-5][a1122h-1b_1-5][a212h-1b_1-5][a1122h-1a_1-5]/1-2-1-3-4-5-1/a3-b1_a4-c1_c4-d1_d2-e1_d3-f1_f2-g1"
GL12,KB03_64,G12622SG,G76576GA,G08340FW,"WURCS=2.0/4,8,7/[a1221m-1x_1-5][a2122h-1x_1-5_2*NCC/3=O][a1122h-1x_1-5][a212h-1x_1-5]/1-2-2-2-3-3-3-4/a?|b?|c?|d?|e?|f?|g?|h?}-{a?|b?|c?|d?|e?|f?|g?|h?_a?|b?|c?|d?|e?|f?|g?|h?}-{a?|b?|c?|d?|e?|f?|g?|h?_a?|b?|c?|d?|e?|f?|g?|h?}-{a?|b?|c?|d?|e?|f?|g?|h?_a?|b?|c?|d?|e?|f?|g?|h?}-{a?|b?|c?|d?|e?|f?|g?|h?_a?|b?|c?|d?|e?|f?|g?|h?}-{a?|b?|c?|d?|e?|f?|g?|h?_a?|b?|c?|d?|e?|f?|g?|h?}-{a?|b?|c?|d?|e?|f?|g?|h?_a?|b?|c?|d?|e?|f?|g?|h?}-{a?|b?|c?|d?|e?|f?|g?|h?","WURCS=2.0/4,8,7/[a2122h-1x_1-5_2*NCC/3=O][a1122h-1x_1-5][a212h-1x_1-5][a1221m-1x_1-5]/1-1-2-2-1-2-3-4/a?-b1_a?-h1_b?-c1_c?-d1_c?-f1_c?-g1_d?-e1","WURCS=2.0/5,8,7/[a2122h-1b_1-5_2*NCC/3=O][a1221m-1a_1-5][a1122h-1b_1-5][a212h-1b_1-5][a1122h-1a_1-5]/1-2-1-3-4-5-1-5/a3-b1_a4-c1_c4-d1_d2-e1_d3-f1_d6-h1_f2-g1",https://beta.glycosmos.org/glycans/mass/G76576GA?minimum=truelhttps://beta.glycosmos.org/glycans/mass/G16646HR?minimum=truel,
GL13,KB03_43,G41567QT,G16646HR,G99603GB,"WURCS=2.0/4,9,8/[a1221m-1x_1-5][a2122h-1x_1-5_2*NCC/3=O][a1122h-1x_1-5][a212h-1x_1-5]/1-2-2-2-2-3-3-3-4/a?|b?|c?|d?|e?|f?|g?|h?|i?}-{a?|b?|c?|d?|e?|f?|g?|h?|i?_a?|b?|c?|d?|e?|f?|g?|h?|i?}-{a?|b?|c?|d?|e?|f?|g?|h?|i?_a?|b?|c?|d?|e?|f?|g?|h?|i?}-{a?|b?|c?|d?|e?|f?|g?|h?|i?_a?|b?|c?|d?|e?|f?|g?|h?|i?}-{a?|b?|c?|d?|e?|f?|g?|h?|i?_a?|b?|c?|d?|e?|f?|g?|h?|i?}-{a?|b?|c?|d?|e?|f?|g?|h?|i?_a?|b?|c?|d?|e?|f?|g?|h?|i?}-{a?|b?|c?|d?|e?|f?|g?|h?|i?_a?|b?|c?|d?|e?|f?|g?|h?|i?}-{a?|b?|c?|d?|e?|f?|g?|h?|i?_a?|b?|c?|d?|e?|f?|g?|h?|i?}-{a?|b?|c?|d?|e?|f?|g?|h?|i?","WURCS=2.0/4,9,8/[a2122h-1x_1-5_2*NCC/3=O][a1122h-1x_1-5][a212h-1x_1-5][a1221m-1x_1-5]/1-1-2-2-1-2-1-3-4/a?-b1_a?-i1_b?-c1_c?-d1_c?-f1_c?-h1_d?-e1_f?-g1","WURCS=2.0/5,9,8/[a2122h-1b_1-5_2*NCC/3=O][a1221m-1a_1-5][a1122h-1b_1-5][a212h-1b_1-5][a1122h-1a_1-5]/1-2-1-3-4-5-1-5-1/a3-b1_a4-c1_c4-d1_d2-e1_d3-f1_d6-h1_f2-g1_h2-i1",https://beta.glycosmos.org/glycans/mass/G16646HR?minimum=truelhttps://beta.glycosmos.org/glycans/mass/G16646HR?minimum=truel,
GL14,KB03_69,G12602QA,G75067CP,G96557TJ,"WURCS=2.0/4,6,5/[a1221m-1x_1-5][a2122h-1x_1-5_2*NCC/3=O][a1122h-1x_1-5][a212h-1x_1-5]/1-2-2-3-3-4/a?|b?|c?|d?|e?|f?}-{a?|b?|c?|d?|e?|f?_a?|b?|c?|d?|e?|f?}-{a?|b?|c?|d?|e?|f?_a?|b?|c?|d?|e?|f?}-{a?|b?|c?|d?|e?|f?_a?|b?|c?|d?|e?|f?}-{a?|b?|c?|d?|e?|f?_a?|b?|c?|d?|e?|f?}-{a?|b?|c?|d?|e?|f?","WURCS=2.0/4,6,5/[a2122h-1x_1-5_2*NCC/3=O][a1122h-1x_1-5][a212h-1x_1-5][a1221m-1x_1-5]/1-1-2-2-3-4/a?-b1_a?-f1_b?-c1_c?-d1_c?-e1","WURCS=2.0/5,6,5/[a2122h-1b_1-5_2*NCC/3=O][a1122h-1b_1-5][a212h-1b_1-5][a1122h-1a_1-5][a1221m-1a_1-5]/1-1-2-3-4-5/a4-b1_a6-f1_b4-c1_c2-d1_c3-e1",https://beta.glycosmos.org/glycans/mass/G75067CP?minimum=truelhttps://beta.glycosmos.org/glycans/mass/G73636FD?minimum=truel,"WURCS=2.0/5,6,5/[a2122h-1b_1-5_2*NCC/3=O][a1122h-1b_1-5][a212h-1b_1-5][a1122h-1a_1-5][a1221m-1a_1-5]/1-1-2-3-4-5/a4-b1_a6-f1_b4-c1_c2-d1_c3-e1"
GL15,KB03_60,G06862EN,G98745EI,G94576MN,"WURCS=2.0/4,7,6/[a1221m-1x_1-5][a2122h-1x_1-5_2*NCC/3=O][a1122h-1x_1-5][a212h-1x_1-5]/1-2-2-2-3-3-4/a?|b?|c?|d?|e?|f?|g?}-{a?|b?|c?|d?|e?|f?|g?_a?|b?|c?|d?|e?|f?|g?}-{a?|b?|c?|d?|e?|f?|g?_a?|b?|c?|d?|e?|f?|g?}-{a?|b?|c?|d?|e?|f?|g?_a?|b?|c?|d?|e?|f?|g?}-{a?|b?|c?|d?|e?|f?|g?_a?|b?|c?|d?|e?|f?|g?}-{a?|b?|c?|d?|e?|f?|g?_a?|b?|c?|d?|e?|f?|g?}-{a?|b?|c?|d?|e?|f?|g?","WURCS=2.0/4,7,6/[a2122h-1x_1-5_2*NCC/3=O][a1122h-1x_1-5][a212h-1x_1-5][a1221m-1x_1-5]/1-1-2-2-1-3-4/a?-b1_a?-g1_b?-c1_c?-d1_c?-f1_d?-e1","WURCS=2.0/5,7,6/[a2122h-1b_1-5_2*NCC/3=O][a1122h-1b_1-5][a212h-1b_1-5][a1122h-1a_1-5][a1221m-1a_1-5]/1-1-2-3-4-1-5/a4-b1_a6-g1_b4-c1_c2-d1_c3-e1_e2-f1",https://beta.glycosmos.org/glycans/mass/G98745EI?minimum=truelhttps://beta.glycosmos.org/glycans/mass/G73636FD?minimum=truel,"WURCS=2.0/5,7,6/[a2122h-1b_1-5_2*NCC/3=O][a1122h-1b_1-5][a212h-1b_1-5][a1122h-1a_1-5][a1221m-1a_1-5]/1-1-2-3-4-1-5/a4-b1_a6-g1_b4-c1_c2-d1_c3-e1_e2-f1"
GL16,KB03_61,G12622SG,G76576GA,G47566FL,"WURCS=2.0/4,8,7/[a1221m-1x_1-5][a2122h-1x_1-5_2*NCC/3=O][a1122h-1x_1-5][a212h-1x_1-5]/1-2-2-2-3-3-3-4/a?|b?|c?|d?|e?|f?|g?|h?}-{a?|b?|c?|d?|e?|f?|g?|h?_a?|b?|c?|d?|e?|f?|g?|h?}-{a?|b?|c?|d?|e?|f?|g?|h?_a?|b?|c?|d?|e?|f?|g?|h?}-{a?|b?|c?|d?|e?|f?|g?|h?_a?|b?|c?|d?|e?|f?|g?|h?}-{a?|b?|c?|d?|e?|f?|g?|h?_a?|b?|c?|d?|e?|f?|g?|h?}-{a?|b?|c?|d?|e?|f?|g?|h?_a?|b?|c?|d?|e?|f?|g?|h?}-{a?|b?|c?|d?|e?|f?|g?|h?_a?|b?|c?|d?|e?|f?|g?|h?}-{a?|b?|c?|d?|e?|f?|g?|h?","WURCS=2.0/4,8,7/[a2122h-1x_1-5_2*NCC/3=O][a1122h-1x_1-5][a212h-1x_1-5][a1221m-1x_1-5]/1-1-2-2-1-2-3-4/a?-b1_a?-h1_b?-c1_c?-d1_c?-f1_c?-g1_d?-e1","WURCS=2.0/5,8,7/[a2122h-1b_1-5_2*NCC/3=O][a1122h-1b_1-5][a212h-1b_1-5][a1122h-1a_1-5][a1221m-1a_1-5]/1-1-2-3-4-1-4-5/a4-b1_a6-h1_b4-c1_c2-d1_c3-e1_c6-g1_e2-f1",https://beta.glycosmos.org/glycans/mass/G76576GA?minimum=truelhttps://beta.glycosmos.org/glycans/mass/G73636FD?minimum=truel,
GL17,KB03_62,G41567QT,G16646HR,G62826CL,"WURCS=2.0/4,9,8/[a1221m-1x_1-5][a2122h-1x_1-5_2*NCC/3=O][a1122h-1x_1-5][a212h-1x_1-5]/1-2-2-2-2-3-3-3-4/a?|b?|c?|d?|e?|f?|g?|h?|i?}-{a?|b?|c?|d?|e?|f?|g?|h?|i?_a?|b?|c?|d?|e?|f?|g?|h?|i?}-{a?|b?|c?|d?|e?|f?|g?|h?|i?_a?|b?|c?|d?|e?|f?|g?|h?|i?}-{a?|b?|c?|d?|e?|f?|g?|h?|i?_a?|b?|c?|d?|e?|f?|g?|h?|i?}-{a?|b?|c?|d?|e?|f?|g?|h?|i?_a?|b?|c?|d?|e?|f?|g?|h?|i?}-{a?|b?|c?|d?|e?|f?|g?|h?|i?_a?|b?|c?|d?|e?|f?|g?|h?|i?}-{a?|b?|c?|d?|e?|f?|g?|h?|i?_a?|b?|c?|d?|e?|f?|g?|h?|i?}-{a?|b?|c?|d?|e?|f?|g?|h?|i?_a?|b?|c?|d?|e?|f?|g?|h?|i?}-{a?|b?|c?|d?|e?|f?|g?|h?|i?","WURCS=2.0/4,9,8/[a2122h-1x_1-5_2*NCC/3=O][a1122h-1x_1-5][a212h-1x_1-5][a1221m-1x_1-5]/1-1-2-2-1-2-1-3-4/a?-b1_a?-i1_b?-c1_c?-d1_c?-f1_c?-h1_d?-e1_f?-g1","WURCS=2.0/5,9,8/[a2122h-1b_1-5_2*NCC/3=O][a1122h-1b_1-5][a212h-1b_1-5][a1122h-1a_1-5][a1221m-1a_1-5]/1-1-2-3-4-1-4-1-5/a4-b1_a6-i1_b4-c1_c2-d1_c3-e1_c6-g1_e2-f1_g2-h1",https://beta.glycosmos.org/glycans/mass/G16646HR?minimum=truelhttps://beta.glycosmos.org/glycans/mass/G73636FD?minimum=truel,
GL18,KB03_79,G56666GC,G27989OC,G12200GB,"WURCS=2.0/4,7,6/[a1221m-1x_1-5][a2122h-1x_1-5_2*NCC/3=O][a1122h-1x_1-5][a212h-1x_1-5]/1-1-2-2-3-3-4/a?|b?|c?|d?|e?|f?|g?}-{a?|b?|c?|d?|e?|f?|g?_a?|b?|c?|d?|e?|f?|g?}-{a?|b?|c?|d?|e?|f?|g?_a?|b?|c?|d?|e?|f?|g?}-{a?|b?|c?|d?|e?|f?|g?_a?|b?|c?|d?|e?|f?|g?}-{a?|b?|c?|d?|e?|f?|g?_a?|b?|c?|d?|e?|f?|g?}-{a?|b?|c?|d?|e?|f?|g?_a?|b?|c?|d?|e?|f?|g?}-{a?|b?|c?|d?|e?|f?|g?","WURCS=2.0/4,7,6/[a2122h-1x_1-5_2*NCC/3=O][a1122h-1x_1-5][a212h-1x_1-5][a1221m-1x_1-5]/1-1-2-2-3-4-4/a?-b1_a?-f1_a?-g1_b?-c1_c?-d1_c?-e1","WURCS=2.0/5,7,6/[a2122h-1b_1-5_2*NCC/3=O][a1221m-1a_1-5][a1122h-1b_1-5][a212h-1b_1-5][a1122h-1a_1-5]/1-2-1-3-4-5-2/a3-b1_a4-c1_a6-g1_c4-d1_d2-e1_d3-f1",×,"WURCS=2.0/5,7,6/[a2122h-1b_1-5_2*NCC/3=O][a1221m-1a_1-5][a1122h-1b_1-5][a212h-1b_1-5][a1122h-1a_1-5]/1-2-1-3-4-5-2/a3-b1_a4-c1_a6-g1_c4-d1_d2-e1_d3-f1"
GL19,KB03_66,G08411LY,G43258UP,G14569AR,"WURCS=2.0/4,8,7/[a1221m-1x_1-5][a2122h-1x_1-5_2*NCC/3=O][a1122h-1x_1-5][a212h-1x_1-5]/1-1-2-2-2-3-3-4/a?|b?|c?|d?|e?|f?|g?|h?}-{a?|b?|c?|d?|e?|f?|g?|h?_a?|b?|c?|d?|e?|f?|g?|h?}-{a?|b?|c?|d?|e?|f?|g?|h?_a?|b?|c?|d?|e?|f?|g?|h?}-{a?|b?|c?|d?|e?|f?|g?|h?_a?|b?|c?|d?|e?|f?|g?|h?}-{a?|b?|c?|d?|e?|f?|g?|h?_a?|b?|c?|d?|e?|f?|g?|h?}-{a?|b?|c?|d?|e?|f?|g?|h?_a?|b?|c?|d?|e?|f?|g?|h?}-{a?|b?|c?|d?|e?|f?|g?|h?_a?|b?|c?|d?|e?|f?|g?|h?}-{a?|b?|c?|d?|e?|f?|g?|h?","WURCS=2.0/4,8,7/[a2122h-1x_1-5_2*NCC/3=O][a1122h-1x_1-5][a212h-1x_1-5][a1221m-1x_1-5]/1-1-2-2-1-3-4-4/a?-b1_a?-g1_a?-h1_b?-c1_c?-d1_c?-f1_d?-e1","WURCS=2.0/5,8,7/[a2122h-1b_1-5_2*NCC/3=O][a1221m-1a_1-5][a1122h-1b_1-5][a212h-1b_1-5][a1122h-1a_1-5]/1-2-1-3-4-5-1-2/a3-b1_a4-c1_a6-h1_c4-d1_d2-e1_d3-f1_f2-g1",×,"WURCS=2.0/5,8,7/[a2122h-1b_1-5_2*NCC/3=O][a1221m-1a_1-5][a1122h-1b_1-5][a212h-1b_1-5][a1122h-1a_1-5]/1-2-1-3-4-5-1-2/a3-b1_a4-c1_a6-h1_c4-d1_d2-e1_d3-f1_f2-g1"
GL20,KB03_67,G92988RY,G74322VP,G68703KI,"WURCS=2.0/4,9,8/[a1221m-1x_1-5][a2122h-1x_1-5_2*NCC/3=O][a1122h-1x_1-5][a212h-1x_1-5]/1-1-2-2-2-3-3-3-4/a?|b?|c?|d?|e?|f?|g?|h?|i?}-{a?|b?|c?|d?|e?|f?|g?|h?|i?_a?|b?|c?|d?|e?|f?|g?|h?|i?}-{a?|b?|c?|d?|e?|f?|g?|h?|i?_a?|b?|c?|d?|e?|f?|g?|h?|i?}-{a?|b?|c?|d?|e?|f?|g?|h?|i?_a?|b?|c?|d?|e?|f?|g?|h?|i?}-{a?|b?|c?|d?|e?|f?|g?|h?|i?_a?|b?|c?|d?|e?|f?|g?|h?|i?}-{a?|b?|c?|d?|e?|f?|g?|h?|i?_a?|b?|c?|d?|e?|f?|g?|h?|i?}-{a?|b?|c?|d?|e?|f?|g?|h?|i?_a?|b?|c?|d?|e?|f?|g?|h?|i?}-{a?|b?|c?|d?|e?|f?|g?|h?|i?_a?|b?|c?|d?|e?|f?|g?|h?|i?}-{a?|b?|c?|d?|e?|f?|g?|h?|i?","WURCS=2.0/4,9,8/[a2122h-1x_1-5_2*NCC/3=O][a1122h-1x_1-5][a212h-1x_1-5][a1221m-1x_1-5]/1-1-2-2-1-2-3-4-4/a?-b1_a?-h1_a?-i1_b?-c1_c?-d1_c?-f1_c?-g1_d?-e1","WURCS=2.0/5,9,8/[a2122h-1b_1-5_2*NCC/3=O][a1221m-1a_1-5][a1122h-1b_1-5][a212h-1b_1-5][a1122h-1a_1-5]/1-2-1-3-4-5-1-5-2/a3-b1_a4-c1_a6-i1_c4-d1_d2-e1_d3-f1_d6-h1_f2-g1",×,"WURCS=2.0/5,9,8/[a2122h-1b_1-5_2*NCC/3=O][a1221m-1a_1-5][a1122h-1b_1-5][a212h-1b_1-5][a1122h-1a_1-5]/1-2-1-3-4-5-1-5-2/a3-b1_a4-c1_a6-i1_c4-d1_d2-e1_d3-f1_d6-h1_f2-g1"
GL21,KB03_78_95,G53989BV,G21669YR,G19118WX,"WURCS=2.0/4,10,9/[a1221m-1x_1-5][a2122h-1x_1-5_2*NCC/3=O][a1122h-1x_1-5][a212h-1x_1-5]/1-1-2-2-2-2-3-3-3-4/a?|b?|c?|d?|e?|f?|g?|h?|i?|j?}-{a?|b?|c?|d?|e?|f?|g?|h?|i?|j?_a?|b?|c?|d?|e?|f?|g?|h?|i?|j?}-{a?|b?|c?|d?|e?|f?|g?|h?|i?|j?_a?|b?|c?|d?|e?|f?|g?|h?|i?|j?}-{a?|b?|c?|d?|e?|f?|g?|h?|i?|j?_a?|b?|c?|d?|e?|f?|g?|h?|i?|j?}-{a?|b?|c?|d?|e?|f?|g?|h?|i?|j?_a?|b?|c?|d?|e?|f?|g?|h?|i?|j?}-{a?|b?|c?|d?|e?|f?|g?|h?|i?|j?_a?|b?|c?|d?|e?|f?|g?|h?|i?|j?}-{a?|b?|c?|d?|e?|f?|g?|h?|i?|j?_a?|b?|c?|d?|e?|f?|g?|h?|i?|j?}-{a?|b?|c?|d?|e?|f?|g?|h?|i?|j?_a?|b?|c?|d?|e?|f?|g?|h?|i?|j?}-{a?|b?|c?|d?|e?|f?|g?|h?|i?|j?_a?|b?|c?|d?|e?|f?|g?|h?|i?|j?}-{a?|b?|c?|d?|e?|f?|g?|h?|i?|j?","WURCS=2.0/4,10,9/[a2122h-1x_1-5_2*NCC/3=O][a1122h-1x_1-5][a212h-1x_1-5][a1221m-1x_1-5]/1-1-2-2-1-2-1-3-4-4/a?-b1_a?-i1_a?-j1_b?-c1_c?-d1_c?-f1_c?-h1_d?-e1_f?-g1","WURCS=2.0/5,10,9/[a2122h-1b_1-5_2*NCC/3=O][a1221m-1a_1-5][a1122h-1b_1-5][a212h-1b_1-5][a1122h-1a_1-5]/1-2-1-3-4-5-1-5-1-2/a3-b1_a4-c1_a6-j1_c4-d1_d2-e1_d3-f1_d6-h1_f2-g1_h2-i1",×,"WURCS=2.0/5,10,9/[a2122h-1b_1-5_2*NCC/3=O][a1221m-1a_1-5][a1122h-1b_1-5][a212h-1b_1-5][a1122h-1a_1-5]/1-2-1-3-4-5-1-5-1-2/a3-b1_a4-c1_a6-j1_c4-d1_d2-e1_d3-f1_d6-h1_f2-g1_h2-i1"
GL22,KB03_28,G45051DN,G01847HY,G27689OB,"WURCS=2.0/4,7,6/[a2122h-1x_1-5_2*NCC/3=O][a1122h-1x_1-5][a2112h-1x_1-5][a212h-1x_1-5]/1-1-1-2-2-3-4/a?|b?|c?|d?|e?|f?|g?}-{a?|b?|c?|d?|e?|f?|g?_a?|b?|c?|d?|e?|f?|g?}-{a?|b?|c?|d?|e?|f?|g?_a?|b?|c?|d?|e?|f?|g?}-{a?|b?|c?|d?|e?|f?|g?_a?|b?|c?|d?|e?|f?|g?}-{a?|b?|c?|d?|e?|f?|g?_a?|b?|c?|d?|e?|f?|g?}-{a?|b?|c?|d?|e?|f?|g?_a?|b?|c?|d?|e?|f?|g?}-{a?|b?|c?|d?|e?|f?|g?","WURCS=2.0/4,7,6/[a2122h-1x_1-5_2*NCC/3=O][a1122h-1x_1-5][a2112h-1x_1-5][a212h-1x_1-5]/1-1-2-2-1-3-4/a?-b1_b?-c1_c?-d1_c?-g1_d?-e1_e?-f1","WURCS=2.0/5,7,6/[a2122h-1b_1-5_2*NCC/3=O][a1122h-1b_1-5][a212h-1b_1-5][a1122h-1a_1-5][a2112h-1b_1-5]/1-1-2-3-4-1-5/a4-b1_b4-c1_c2-d1_c3-e1_e2-f1_f4-g1",×,"WURCS=2.0/5,7,6/[a2122h-1b_1-5_2*NCC/3=O][a1122h-1b_1-5][a212h-1b_1-5][a1122h-1a_1-5][a2112h-1b_1-5]/1-1-2-3-4-1-5/a4-b1_b4-c1_c2-d1_c3-e1_e2-f1_f4-g1"
GL23,KB03_107,G57888RV,G42266ZT,G15209MJ,"WURCS=2.0/4,8,7/[a2122h-1x_1-5_2*NCC/3=O][a1122h-1x_1-5][a2112h-1x_1-5][a212h-1x_1-5]/1-1-1-2-2-2-3-4/a?|b?|c?|d?|e?|f?|g?|h?}-{a?|b?|c?|d?|e?|f?|g?|h?_a?|b?|c?|d?|e?|f?|g?|h?}-{a?|b?|c?|d?|e?|f?|g?|h?_a?|b?|c?|d?|e?|f?|g?|h?}-{a?|b?|c?|d?|e?|f?|g?|h?_a?|b?|c?|d?|e?|f?|g?|h?}-{a?|b?|c?|d?|e?|f?|g?|h?_a?|b?|c?|d?|e?|f?|g?|h?}-{a?|b?|c?|d?|e?|f?|g?|h?_a?|b?|c?|d?|e?|f?|g?|h?}-{a?|b?|c?|d?|e?|f?|g?|h?_a?|b?|c?|d?|e?|f?|g?|h?}-{a?|b?|c?|d?|e?|f?|g?|h?","WURCS=2.0/4,8,7/[a2122h-1x_1-5_2*NCC/3=O][a1122h-1x_1-5][a2112h-1x_1-5][a212h-1x_1-5]/1-1-2-2-1-3-2-4/a?-b1_b?-c1_c?-d1_c?-g1_c?-h1_d?-e1_e?-f1","WURCS=2.0/5,8,7/[a2122h-1b_1-5_2*NCC/3=O][a1122h-1b_1-5][a212h-1b_1-5][a1122h-1a_1-5][a2112h-1b_1-5]/1-1-2-3-4-4-1-5/a4-b1_b4-c1_c2-d1_c3-e1_c6-f1_f2-g1_g4-h1",×,"WURCS=2.0/5,8,7/[a2122h-1b_1-5_2*NCC/3=O][a1122h-1b_1-5][a212h-1b_1-5][a1122h-1a_1-5][a2112h-1b_1-5]/1-1-2-3-4-4-1-5/a4-b1_b4-c1_c2-d1_c3-e1_c6-f1_f2-g1_g4-h1"
GL24,KB03_108,G57888RV,G42266ZT,G72739GY,,,"WURCS=2.0/5,8,7/[a2122h-1b_1-5_2*NCC/3=O][a1122h-1b_1-5][a212h-1b_1-5][a1122h-1a_1-5][a2112h-1b_1-5]/1-1-2-3-4-1-5-4/a4-b1_b4-c1_c2-d1_c3-e1_c6-h1_e2-f1_f4-g1",×,"WURCS=2.0/5,8,7/[a2122h-1b_1-5_2*NCC/3=O][a1122h-1b_1-5][a212h-1b_1-5][a1122h-1a_1-5][a2112h-1b_1-5]/1-1-2-3-4-1-5-4/a4-b1_b4-c1_c2-d1_c3-e1_c6-h1_e2-f1_f4-g1"
GL25,KB03_87,G68192SO,G43141OU,G21460SG,"WURCS=2.0/4,10,9/[a2122h-1x_1-5_2*NCC/3=O][a1122h-1x_1-5][a2112h-1x_1-5][a212h-1x_1-5]/1-1-1-1-2-2-2-3-3-4/a?|b?|c?|d?|e?|f?|g?|h?|i?|j?}-{a?|b?|c?|d?|e?|f?|g?|h?|i?|j?_a?|b?|c?|d?|e?|f?|g?|h?|i?|j?}-{a?|b?|c?|d?|e?|f?|g?|h?|i?|j?_a?|b?|c?|d?|e?|f?|g?|h?|i?|j?}-{a?|b?|c?|d?|e?|f?|g?|h?|i?|j?_a?|b?|c?|d?|e?|f?|g?|h?|i?|j?}-{a?|b?|c?|d?|e?|f?|g?|h?|i?|j?_a?|b?|c?|d?|e?|f?|g?|h?|i?|j?}-{a?|b?|c?|d?|e?|f?|g?|h?|i?|j?_a?|b?|c?|d?|e?|f?|g?|h?|i?|j?}-{a?|b?|c?|d?|e?|f?|g?|h?|i?|j?_a?|b?|c?|d?|e?|f?|g?|h?|i?|j?}-{a?|b?|c?|d?|e?|f?|g?|h?|i?|j?_a?|b?|c?|d?|e?|f?|g?|h?|i?|j?}-{a?|b?|c?|d?|e?|f?|g?|h?|i?|j?_a?|b?|c?|d?|e?|f?|g?|h?|i?|j?}-{a?|b?|c?|d?|e?|f?|g?|h?|i?|j?","WURCS=2.0/4,10,9/[a2122h-1x_1-5_2*NCC/3=O][a1122h-1x_1-5][a2112h-1x_1-5][a212h-1x_1-5]/1-1-2-2-1-3-2-1-3-4/a?-b1_b?-c1_c?-d1_c?-g1_c?-j1_d?-e1_e?-f1_g?-h1_h?-i1","WURCS=2.0/5,10,9/[a2122h-1b_1-5_2*NCC/3=O][a1122h-1b_1-5][a212h-1b_1-5][a1122h-1a_1-5][a2112h-1b_1-5]/1-1-2-3-4-1-5-4-1-5/a4-b1_b4-c1_c2-d1_c3-e1_c6-h1_e2-f1_f4-g1_h2-i1_i4-j1",https://beta.glycosmos.org/glycans/mass/G43141OU?minimum=truelhttps://beta.glycosmos.org/glycans/mass/G73636FD?minimum=truell,
GL26,KB03_71,G68719WJ,G06510HF,G91537AT,"WURCS=2.0/4,7,6/[a2122h-1x_1-5_2*NCC/3=O][a1122h-1x_1-5][a2112h-1x_1-5_2*NCC/3=O][a212h-1x_1-5]/1-1-1-2-2-3-4/a?|b?|c?|d?|e?|f?|g?}-{a?|b?|c?|d?|e?|f?|g?_a?|b?|c?|d?|e?|f?|g?}-{a?|b?|c?|d?|e?|f?|g?_a?|b?|c?|d?|e?|f?|g?}-{a?|b?|c?|d?|e?|f?|g?_a?|b?|c?|d?|e?|f?|g?}-{a?|b?|c?|d?|e?|f?|g?_a?|b?|c?|d?|e?|f?|g?}-{a?|b?|c?|d?|e?|f?|g?_a?|b?|c?|d?|e?|f?|g?}-{a?|b?|c?|d?|e?|f?|g?","WURCS=2.0/4,7,6/[a2122h-1x_1-5_2*NCC/3=O][a1122h-1x_1-5][a2112h-1x_1-5_2*NCC/3=O][a212h-1x_1-5]/1-1-2-2-1-3-4/a?-b1_b?-c1_c?-d1_c?-g1_d?-e1_e?-f1","WURCS=2.0/5,7,6/[a2122h-1b_1-5_2*NCC/3=O][a1122h-1b_1-5][a212h-1b_1-5][a1122h-1a_1-5][a2112h-1b_1-5_2*NCC/3=O]/1-1-2-3-4-1-5/a4-b1_b4-c1_c2-d1_c3-e1_e2-f1_f4-g1",×,"WURCS=2.0/5,7,6/[a2122h-1b_1-5_2*NCC/3=O][a1122h-1b_1-5][a212h-1b_1-5][a1122h-1a_1-5][a2112h-1b_1-5_2*NCC/3=O]/1-1-2-3-4-1-5/a4-b1_b4-c1_c2-d1_c3-e1_e2-f1_f4-g1"
GL27,KB03_81,G55890SD,G19550WE,G30839DN,"WURCS=2.0/4,8,7/[a2122h-1x_1-5_2*NCC/3=O][a1122h-1x_1-5][a2112h-1x_1-5_2*NCC/3=O][a212h-1x_1-5]/1-1-1-2-2-2-3-4/a?|b?|c?|d?|e?|f?|g?|h?}-{a?|b?|c?|d?|e?|f?|g?|h?_a?|b?|c?|d?|e?|f?|g?|h?}-{a?|b?|c?|d?|e?|f?|g?|h?_a?|b?|c?|d?|e?|f?|g?|h?}-{a?|b?|c?|d?|e?|f?|g?|h?_a?|b?|c?|d?|e?|f?|g?|h?}-{a?|b?|c?|d?|e?|f?|g?|h?_a?|b?|c?|d?|e?|f?|g?|h?}-{a?|b?|c?|d?|e?|f?|g?|h?_a?|b?|c?|d?|e?|f?|g?|h?}-{a?|b?|c?|d?|e?|f?|g?|h?_a?|b?|c?|d?|e?|f?|g?|h?}-{a?|b?|c?|d?|e?|f?|g?|h?","WURCS=2.0/4,8,7/[a2122h-1x_1-5_2*NCC/3=O][a1122h-1x_1-5][a2112h-1x_1-5_2*NCC/3=O][a212h-1x_1-5]/1-1-2-2-1-3-2-4/a?-b1_b?-c1_c?-d1_c?-g1_c?-h1_d?-e1_e?-f1","WURCS=2.0/5,8,7/[a2122h-1b_1-5_2*NCC/3=O][a1122h-1b_1-5][a212h-1b_1-5][a1122h-1a_1-5][a2112h-1b_1-5_2*NCC/3=O]/1-1-2-3-4-4-1-5/a4-b1_b4-c1_c2-d1_c3-e1_c6-f1_f2-g1_g4-h1",×,"WURCS=2.0/5,8,7/[a2122h-1b_1-5_2*NCC/3=O][a1122h-1b_1-5][a212h-1b_1-5][a1122h-1a_1-5][a2112h-1b_1-5_2*NCC/3=O]/1-1-2-3-4-4-1-5/a4-b1_b4-c1_c2-d1_c3-e1_c6-f1_f2-g1_g4-h1"
GL28,KB03_84,G55890SD,G19550WE,G98240FC,,,"WURCS=2.0/5,8,7/[a2122h-1b_1-5_2*NCC/3=O][a1122h-1b_1-5][a212h-1b_1-5][a1122h-1a_1-5][a2112h-1b_1-5_2*NCC/3=O]/1-1-2-3-4-1-5-4/a4-b1_b4-c1_c2-d1_c3-e1_c6-h1_e2-f1_f4-g1",×,"WURCS=2.0/5,8,7/[a2122h-1b_1-5_2*NCC/3=O][a1122h-1b_1-5][a212h-1b_1-5][a1122h-1a_1-5][a2112h-1b_1-5_2*NCC/3=O]/1-1-2-3-4-1-5-4/a4-b1_b4-c1_c2-d1_c3-e1_c6-h1_e2-f1_f4-g1"
GL29,KB03_85,G96264OD,G59289BL,G14988WV,"WURCS=2.0/4,10,9/[a2122h-1x_1-5_2*NCC/3=O][a1122h-1x_1-5][a2112h-1x_1-5_2*NCC/3=O][a212h-1x_1-5]/1-1-1-1-2-2-2-3-3-4/a?|b?|c?|d?|e?|f?|g?|h?|i?|j?}-{a?|b?|c?|d?|e?|f?|g?|h?|i?|j?_a?|b?|c?|d?|e?|f?|g?|h?|i?|j?}-{a?|b?|c?|d?|e?|f?|g?|h?|i?|j?_a?|b?|c?|d?|e?|f?|g?|h?|i?|j?}-{a?|b?|c?|d?|e?|f?|g?|h?|i?|j?_a?|b?|c?|d?|e?|f?|g?|h?|i?|j?}-{a?|b?|c?|d?|e?|f?|g?|h?|i?|j?_a?|b?|c?|d?|e?|f?|g?|h?|i?|j?}-{a?|b?|c?|d?|e?|f?|g?|h?|i?|j?_a?|b?|c?|d?|e?|f?|g?|h?|i?|j?}-{a?|b?|c?|d?|e?|f?|g?|h?|i?|j?_a?|b?|c?|d?|e?|f?|g?|h?|i?|j?}-{a?|b?|c?|d?|e?|f?|g?|h?|i?|j?_a?|b?|c?|d?|e?|f?|g?|h?|i?|j?}-{a?|b?|c?|d?|e?|f?|g?|h?|i?|j?_a?|b?|c?|d?|e?|f?|g?|h?|i?|j?}-{a?|b?|c?|d?|e?|f?|g?|h?|i?|j?","WURCS=2.0/4,10,9/[a2122h-1x_1-5_2*NCC/3=O][a1122h-1x_1-5][a2112h-1x_1-5_2*NCC/3=O][a212h-1x_1-5]/1-1-2-2-1-3-2-1-3-4/a?-b1_b?-c1_c?-d1_c?-g1_c?-j1_d?-e1_e?-f1_g?-h1_h?-i1","WURCS=2.0/5,10,9/[a2122h-1b_1-5_2*NCC/3=O][a1122h-1b_1-5][a212h-1b_1-5][a1122h-1a_1-5][a2112h-1b_1-5_2*NCC/3=O]/1-1-2-3-4-1-5-4-1-5/a4-b1_b4-c1_c2-d1_c3-e1_c6-h1_e2-f1_f4-g1_h2-i1_i4-j1",×,"WURCS=2.0/5,10,9/[a2122h-1b_1-5_2*NCC/3=O][a1122h-1b_1-5][a212h-1b_1-5][a1122h-1a_1-5][a2112h-1b_1-5_2*NCC/3=O]/1-1-2-3-4-1-5-4-1-5/a4-b1_b4-c1_c2-d1_c3-e1_c6-h1_e2-f1_f4-g1_h2-i1_i4-j1"
GL30,KB03_86,G53602ZX,G51614CC,G60761LT,"WURCS=2.0/5,8,7/[a1221m-1x_1-5][a2122h-1x_1-5_2*NCC/3=O][a1122h-1x_1-5][a2112h-1x_1-5_2*NCC/3=O][a212h-1x_1-5]/1-2-2-2-3-3-4-5/a?|b?|c?|d?|e?|f?|g?|h?}-{a?|b?|c?|d?|e?|f?|g?|h?_a?|b?|c?|d?|e?|f?|g?|h?}-{a?|b?|c?|d?|e?|f?|g?|h?_a?|b?|c?|d?|e?|f?|g?|h?}-{a?|b?|c?|d?|e?|f?|g?|h?_a?|b?|c?|d?|e?|f?|g?|h?}-{a?|b?|c?|d?|e?|f?|g?|h?_a?|b?|c?|d?|e?|f?|g?|h?}-{a?|b?|c?|d?|e?|f?|g?|h?_a?|b?|c?|d?|e?|f?|g?|h?}-{a?|b?|c?|d?|e?|f?|g?|h?_a?|b?|c?|d?|e?|f?|g?|h?}-{a?|b?|c?|d?|e?|f?|g?|h?","WURCS=2.0/5,8,7/[a2122h-1x_1-5_2*NCC/3=O][a1122h-1x_1-5][a2112h-1x_1-5_2*NCC/3=O][a212h-1x_1-5][a1221m-1x_1-5]/1-1-2-2-1-3-4-5/a?-b1_a?-h1_b?-c1_c?-d1_c?-g1_d?-e1_e?-f1","WURCS=2.0/6,8,7/[a2122h-1b_1-5_2*NCC/3=O][a1221m-1a_1-5][a1122h-1b_1-5][a212h-1b_1-5][a1122h-1a_1-5][a2112h-1b_1-5_2*NCC/3=O]/1-2-1-3-4-5-1-6/a3-b1_a4-c1_c4-d1_d2-e1_d3-f1_f2-g1_g4-h1",×,"WURCS=2.0/6,8,7/[a2122h-1b_1-5_2*NCC/3=O][a1221m-1a_1-5][a1122h-1b_1-5][a212h-1b_1-5][a1122h-1a_1-5][a2112h-1b_1-5_2*NCC/3=O]/1-2-1-3-4-5-1-6/a3-b1_a4-c1_c4-d1_d2-e1_d3-f1_f2-g1_g4-h1"
GL31,KB03_93,G83074PG,G15419WW,G41200QS,"WURCS=2.0/5,8,7/[a1221m-1x_1-5][a2122h-1x_1-5_2*NCC/3=O][a1122h-1x_1-5][a2112h-1x_1-5][a212h-1x_1-5]/1-2-2-2-3-3-4-5/a?|b?|c?|d?|e?|f?|g?|h?}-{a?|b?|c?|d?|e?|f?|g?|h?_a?|b?|c?|d?|e?|f?|g?|h?}-{a?|b?|c?|d?|e?|f?|g?|h?_a?|b?|c?|d?|e?|f?|g?|h?}-{a?|b?|c?|d?|e?|f?|g?|h?_a?|b?|c?|d?|e?|f?|g?|h?}-{a?|b?|c?|d?|e?|f?|g?|h?_a?|b?|c?|d?|e?|f?|g?|h?}-{a?|b?|c?|d?|e?|f?|g?|h?_a?|b?|c?|d?|e?|f?|g?|h?}-{a?|b?|c?|d?|e?|f?|g?|h?_a?|b?|c?|d?|e?|f?|g?|h?}-{a?|b?|c?|d?|e?|f?|g?|h?","WURCS=2.0/5,8,7/[a2122h-1x_1-5_2*NCC/3=O][a1122h-1x_1-5][a2112h-1x_1-5][a212h-1x_1-5][a1221m-1x_1-5]/1-1-2-2-1-3-4-5/a?-b1_a?-h1_b?-c1_c?-d1_c?-g1_d?-e1_e?-f1","WURCS=2.0/6,8,7/[a2122h-1b_1-5_2*NCC/3=O][a1122h-1b_1-5][a212h-1b_1-5][a1122h-1a_1-5][a2112h-1b_1-5][a1221m-1a_1-5]/1-1-2-3-4-1-5-6/a4-b1_a6-h1_b4-c1_c2-d1_c3-e1_e2-f1_f4-g1",×,"WURCS=2.0/6,8,7/[a2122h-1b_1-5_2*NCC/3=O][a1122h-1b_1-5][a212h-1b_1-5][a1122h-1a_1-5][a2112h-1b_1-5][a1221m-1a_1-5]/1-1-2-3-4-1-5-6/a4-b1_a6-h1_b4-c1_c2-d1_c3-e1_e2-f1_f4-g1"
GL32,KB03_103,G72704SZ,G91403RF,G38488WF,"WURCS=2.0/5,9,8/[a1221m-1x_1-5][a2122h-1x_1-5_2*NCC/3=O][a1122h-1x_1-5][a2112h-1x_1-5][a212h-1x_1-5]/1-1-2-2-2-3-3-4-5/a?|b?|c?|d?|e?|f?|g?|h?|i?}-{a?|b?|c?|d?|e?|f?|g?|h?|i?_a?|b?|c?|d?|e?|f?|g?|h?|i?}-{a?|b?|c?|d?|e?|f?|g?|h?|i?_a?|b?|c?|d?|e?|f?|g?|h?|i?}-{a?|b?|c?|d?|e?|f?|g?|h?|i?_a?|b?|c?|d?|e?|f?|g?|h?|i?}-{a?|b?|c?|d?|e?|f?|g?|h?|i?_a?|b?|c?|d?|e?|f?|g?|h?|i?}-{a?|b?|c?|d?|e?|f?|g?|h?|i?_a?|b?|c?|d?|e?|f?|g?|h?|i?}-{a?|b?|c?|d?|e?|f?|g?|h?|i?_a?|b?|c?|d?|e?|f?|g?|h?|i?}-{a?|b?|c?|d?|e?|f?|g?|h?|i?_a?|b?|c?|d?|e?|f?|g?|h?|i?}-{a?|b?|c?|d?|e?|f?|g?|h?|i?","WURCS=2.0/5,9,8/[a2122h-1x_1-5_2*NCC/3=O][a1122h-1x_1-5][a1221m-1x_1-5][a2112h-1x_1-5][a212h-1x_1-5]/1-1-2-2-1-3-4-5-3/a?-b1_a?-i1_b?-c1_c?-d1_c?-h1_d?-e1_e?-f1_e?-g1","WURCS=2.0/6,9,8/[a2122h-1b_1-5_2*NCC/3=O][a1122h-1b_1-5][a212h-1b_1-5][a1122h-1a_1-5][a1221m-1a_1-5][a2112h-1b_1-5]/1-1-2-3-4-1-5-6-5/a4-b1_a6-i1_b4-c1_c2-d1_c3-e1_e2-f1_f3-g1_f4-h1",×,"WURCS=2.0/6,9,8/[a2122h-1b_1-5_2*NCC/3=O][a1122h-1b_1-5][a212h-1b_1-5][a1122h-1a_1-5][a1221m-1a_1-5][a2112h-1b_1-5]/1-1-2-3-4-1-5-6-5/a4-b1_a6-i1_b4-c1_c2-d1_c3-e1_e2-f1_f3-g1_f4-h1"
GL33,KB03_77,G83074PG,G54142JR,G31265MS,"WURCS=2.0/5,8,7/[a1221m-1x_1-5][a2122h-1x_1-5_2*NCC/3=O][a1122h-1x_1-5][a2112h-1x_1-5][a212h-1x_1-5]/1-2-2-2-3-3-4-5/a?|b?|c?|d?|e?|f?|g?|h?}-{a?|b?|c?|d?|e?|f?|g?|h?_a?|b?|c?|d?|e?|f?|g?|h?}-{a?|b?|c?|d?|e?|f?|g?|h?_a?|b?|c?|d?|e?|f?|g?|h?}-{a?|b?|c?|d?|e?|f?|g?|h?_a?|b?|c?|d?|e?|f?|g?|h?}-{a?|b?|c?|d?|e?|f?|g?|h?_a?|b?|c?|d?|e?|f?|g?|h?}-{a?|b?|c?|d?|e?|f?|g?|h?_a?|b?|c?|d?|e?|f?|g?|h?}-{a?|b?|c?|d?|e?|f?|g?|h?_a?|b?|c?|d?|e?|f?|g?|h?}-{a?|b?|c?|d?|e?|f?|g?|h?","WURCS=2.0/5,8,7/[a2122h-1x_1-5_2*NCC/3=O][a1122h-1x_1-5][a1221m-1x_1-5][a2112h-1x_1-5][a212h-1x_1-5]/1-1-2-2-1-3-4-5/a?-b1_b?-c1_c?-d1_c?-h1_d?-e1_e?-f1_e?-g1","WURCS=2.0/6,8,7/[a2122h-1b_1-5_2*NCC/3=O][a1122h-1b_1-5][a212h-1b_1-5][a1122h-1a_1-5][a1221m-1a_1-5][a2112h-1b_1-5]/1-1-2-3-4-1-5-6/a4-b1_b4-c1_c2-d1_c3-e1_e2-f1_f3-g1_f4-h1",×,"WURCS=2.0/6,8,7/[a2122h-1b_1-5_2*NCC/3=O][a1122h-1b_1-5][a212h-1b_1-5][a1122h-1a_1-5][a1221m-1a_1-5][a2112h-1b_1-5]/1-1-2-3-4-1-5-6/a4-b1_b4-c1_c2-d1_c3-e1_e2-f1_f3-g1_f4-h1"
GL34,KB03_80,G19007QA,G01665ZH,G86541PE,"WURCS=2.0/5,9,8/[a1221m-1x_1-5][a2122h-1x_1-5_2*NCC/3=O][a1122h-1x_1-5][a2112h-1x_1-5][a212h-1x_1-5]/1-2-2-2-3-3-3-4-5/a?|b?|c?|d?|e?|f?|g?|h?|i?}-{a?|b?|c?|d?|e?|f?|g?|h?|i?_a?|b?|c?|d?|e?|f?|g?|h?|i?}-{a?|b?|c?|d?|e?|f?|g?|h?|i?_a?|b?|c?|d?|e?|f?|g?|h?|i?}-{a?|b?|c?|d?|e?|f?|g?|h?|i?_a?|b?|c?|d?|e?|f?|g?|h?|i?}-{a?|b?|c?|d?|e?|f?|g?|h?|i?_a?|b?|c?|d?|e?|f?|g?|h?|i?}-{a?|b?|c?|d?|e?|f?|g?|h?|i?_a?|b?|c?|d?|e?|f?|g?|h?|i?}-{a?|b?|c?|d?|e?|f?|g?|h?|i?_a?|b?|c?|d?|e?|f?|g?|h?|i?}-{a?|b?|c?|d?|e?|f?|g?|h?|i?_a?|b?|c?|d?|e?|f?|g?|h?|i?}-{a?|b?|c?|d?|e?|f?|g?|h?|i?","WURCS=2.0/5,9,8/[a2122h-1x_1-5_2*NCC/3=O][a1122h-1x_1-5][a1221m-1x_1-5][a2112h-1x_1-5][a212h-1x_1-5]/1-1-2-2-1-3-4-2-5/a?-b1_b?-c1_c?-d1_c?-h1_c?-i1_d?-e1_e?-f1_e?-g1","WURCS=2.0/6,9,8/[a2122h-1b_1-5_2*NCC/3=O][a1122h-1b_1-5][a212h-1b_1-5][a1122h-1a_1-5][a1221m-1a_1-5][a2112h-1b_1-5]/1-1-2-3-4-4-1-5-6/a4-b1_b4-c1_c2-d1_c3-e1_c6-f1_f2-g1_g3-h1_g4-i1",×,"WURCS=2.0/6,9,8/[a2122h-1b_1-5_2*NCC/3=O][a1122h-1b_1-5][a212h-1b_1-5][a1122h-1a_1-5][a1221m-1a_1-5][a2112h-1b_1-5]/1-1-2-3-4-4-1-5-6/a4-b1_b4-c1_c2-d1_c3-e1_c6-f1_f2-g1_g3-h1_g4-i1"
GL35,KB03_76,G19007QA,G01665ZH,G21320TF,,,"WURCS=2.0/6,9,8/[a2122h-1b_1-5_2*NCC/3=O][a1122h-1b_1-5][a212h-1b_1-5][a1122h-1a_1-5][a1221m-1a_1-5][a2112h-1b_1-5]/1-1-2-3-4-1-5-6-4/a4-b1_b4-c1_c2-d1_c3-e1_c6-i1_e2-f1_f3-g1_f4-h1",×,"WURCS=2.0/6,9,8/[a2122h-1b_1-5_2*NCC/3=O][a1122h-1b_1-5][a212h-1b_1-5][a1122h-1a_1-5][a1221m-1a_1-5][a2112h-1b_1-5]/1-1-2-3-4-1-5-6-4/a4-b1_b4-c1_c2-d1_c3-e1_c6-i1_e2-f1_f3-g1_f4-h1"
GL36,KB03_91,G73176JW,G38737KA,G18057VI,"WURCS=2.0/5,12,11/[a1221m-1x_1-5][a2122h-1x_1-5_2*NCC/3=O][a1122h-1x_1-5][a2112h-1x_1-5][a212h-1x_1-5]/1-1-2-2-2-2-3-3-3-4-4-5/a?|b?|c?|d?|e?|f?|g?|h?|i?|j?|k?|l?}-{a?|b?|c?|d?|e?|f?|g?|h?|i?|j?|k?|l?_a?|b?|c?|d?|e?|f?|g?|h?|i?|j?|k?|l?}-{a?|b?|c?|d?|e?|f?|g?|h?|i?|j?|k?|l?_a?|b?|c?|d?|e?|f?|g?|h?|i?|j?|k?|l?}-{a?|b?|c?|d?|e?|f?|g?|h?|i?|j?|k?|l?_a?|b?|c?|d?|e?|f?|g?|h?|i?|j?|k?|l?}-{a?|b?|c?|d?|e?|f?|g?|h?|i?|j?|k?|l?_a?|b?|c?|d?|e?|f?|g?|h?|i?|j?|k?|l?}-{a?|b?|c?|d?|e?|f?|g?|h?|i?|j?|k?|l?_a?|b?|c?|d?|e?|f?|g?|h?|i?|j?|k?|l?}-{a?|b?|c?|d?|e?|f?|g?|h?|i?|j?|k?|l?_a?|b?|c?|d?|e?|f?|g?|h?|i?|j?|k?|l?}-{a?|b?|c?|d?|e?|f?|g?|h?|i?|j?|k?|l?_a?|b?|c?|d?|e?|f?|g?|h?|i?|j?|k?|l?}-{a?|b?|c?|d?|e?|f?|g?|h?|i?|j?|k?|l?_a?|b?|c?|d?|e?|f?|g?|h?|i?|j?|k?|l?}-{a?|b?|c?|d?|e?|f?|g?|h?|i?|j?|k?|l?_a?|b?|c?|d?|e?|f?|g?|h?|i?|j?|k?|l?}-{a?|b?|c?|d?|e?|f?|g?|h?|i?|j?|k?|l?_a?|b?|c?|d?|e?|f?|g?|h?|i?|j?|k?|l?}-{a?|b?|c?|d?|e?|f?|g?|h?|i?|j?|k?|l?","WURCS=2.0/5,12,11/[a2122h-1x_1-5_2*NCC/3=O][a1122h-1x_1-5][a1221m-1x_1-5][a2112h-1x_1-5][a212h-1x_1-5]/1-1-2-2-1-3-4-2-1-3-4-5/a?-b1_b?-c1_c?-d1_c?-h1_c?-l1_d?-e1_e?-f1_e?-g1_h?-i1_i?-j1_i?-k1","WURCS=2.0/6,12,11/[a2122h-1b_1-5_2*NCC/3=O][a1122h-1b_1-5][a212h-1b_1-5][a1122h-1a_1-5][a1221m-1a_1-5][a2112h-1b_1-5]/1-1-2-3-4-1-5-6-4-1-5-6/a4-b1_b4-c1_c2-d1_c3-e1_c6-i1_e2-f1_f3-g1_f4-h1_i2-j1_j3-k1_j4-l1",×,"WURCS=2.0/6,12,11/[a2122h-1b_1-5_2*NCC/3=O][a1122h-1b_1-5][a212h-1b_1-5][a1122h-1a_1-5][a1221m-1a_1-5][a2112h-1b_1-5]/1-1-2-3-4-1-5-6-4-1-5-6/a4-b1_b4-c1_c2-d1_c3-e1_c6-i1_e2-f1_f3-g1_f4-h1_i2-j1_j3-k1_j4-l1"
GL37,KB03_102,G98193SW,G99774NE,G36374CE,"WURCS=2.0/5,12,11/[a1221m-1x_1-5][a2122h-1x_1-5_2*NCC/3=O][a1122h-1x_1-5][a2112h-1x_1-5_2*NCC/3=O][a212h-1x_1-5]/1-1-2-2-2-2-3-3-3-4-4-5/a?|b?|c?|d?|e?|f?|g?|h?|i?|j?|k?|l?}-{a?|b?|c?|d?|e?|f?|g?|h?|i?|j?|k?|l?_a?|b?|c?|d?|e?|f?|g?|h?|i?|j?|k?|l?}-{a?|b?|c?|d?|e?|f?|g?|h?|i?|j?|k?|l?_a?|b?|c?|d?|e?|f?|g?|h?|i?|j?|k?|l?}-{a?|b?|c?|d?|e?|f?|g?|h?|i?|j?|k?|l?_a?|b?|c?|d?|e?|f?|g?|h?|i?|j?|k?|l?}-{a?|b?|c?|d?|e?|f?|g?|h?|i?|j?|k?|l?_a?|b?|c?|d?|e?|f?|g?|h?|i?|j?|k?|l?}-{a?|b?|c?|d?|e?|f?|g?|h?|i?|j?|k?|l?_a?|b?|c?|d?|e?|f?|g?|h?|i?|j?|k?|l?}-{a?|b?|c?|d?|e?|f?|g?|h?|i?|j?|k?|l?_a?|b?|c?|d?|e?|f?|g?|h?|i?|j?|k?|l?}-{a?|b?|c?|d?|e?|f?|g?|h?|i?|j?|k?|l?_a?|b?|c?|d?|e?|f?|g?|h?|i?|j?|k?|l?}-{a?|b?|c?|d?|e?|f?|g?|h?|i?|j?|k?|l?_a?|b?|c?|d?|e?|f?|g?|h?|i?|j?|k?|l?}-{a?|b?|c?|d?|e?|f?|g?|h?|i?|j?|k?|l?_a?|b?|c?|d?|e?|f?|g?|h?|i?|j?|k?|l?}-{a?|b?|c?|d?|e?|f?|g?|h?|i?|j?|k?|l?_a?|b?|c?|d?|e?|f?|g?|h?|i?|j?|k?|l?}-{a?|b?|c?|d?|e?|f?|g?|h?|i?|j?|k?|l?","WURCS=2.0/5,12,11/[a2122h-1x_1-5_2*NCC/3=O][a1122h-1x_1-5][a2112h-1x_1-5_2*NCC/3=O][a212h-1x_1-5][a1221m-1x_1-5]/1-1-2-2-1-3-2-1-3-4-5-5/a?-b1_a?-k1_a?-l1_b?-c1_c?-d1_c?-g1_c?-j1_d?-e1_e?-f1_g?-h1_h?-i1","WURCS=2.0/6,12,11/[a2122h-1b_1-5_2*NCC/3=O][a1221m-1a_1-5][a1122h-1b_1-5][a212h-1b_1-5][a1122h-1a_1-5][a2112h-1b_1-5_2*NCC/3=O]/1-2-1-3-4-5-1-6-5-1-6-2/a3-b1_a4-c1_a6-l1_c4-d1_d2-e1_d3-f1_d6-i1_f2-g1_g4-h1_i2-j1_j4-k1",×,"WURCS=2.0/6,12,11/[a2122h-1b_1-5_2*NCC/3=O][a1221m-1a_1-5][a1122h-1b_1-5][a212h-1b_1-5][a1122h-1a_1-5][a2112h-1b_1-5_2*NCC/3=O]/1-2-1-3-4-5-1-6-5-1-6-2/a3-b1_a4-c1_a6-l1_c4-d1_d2-e1_d3-f1_d6-i1_f2-g1_g4-h1_i2-j1_j4-k1"
GL38,KB03_110,G58721LE,G25796OJ,G62222PE,"WURCS=2.0/5,14,13/[a1221m-1x_1-5][a2122h-1x_1-5_2*NCC/3=O][a1122h-1x_1-5][a2112h-1x_1-5][a212h-1x_1-5]/1-1-1-1-2-2-2-2-3-3-3-4-4-5/a?|b?|c?|d?|e?|f?|g?|h?|i?|j?|k?|l?|m?|n?}-{a?|b?|c?|d?|e?|f?|g?|h?|i?|j?|k?|l?|m?|n?_a?|b?|c?|d?|e?|f?|g?|h?|i?|j?|k?|l?|m?|n?}-{a?|b?|c?|d?|e?|f?|g?|h?|i?|j?|k?|l?|m?|n?_a?|b?|c?|d?|e?|f?|g?|h?|i?|j?|k?|l?|m?|n?}-{a?|b?|c?|d?|e?|f?|g?|h?|i?|j?|k?|l?|m?|n?_a?|b?|c?|d?|e?|f?|g?|h?|i?|j?|k?|l?|m?|n?}-{a?|b?|c?|d?|e?|f?|g?|h?|i?|j?|k?|l?|m?|n?_a?|b?|c?|d?|e?|f?|g?|h?|i?|j?|k?|l?|m?|n?}-{a?|b?|c?|d?|e?|f?|g?|h?|i?|j?|k?|l?|m?|n?_a?|b?|c?|d?|e?|f?|g?|h?|i?|j?|k?|l?|m?|n?}-{a?|b?|c?|d?|e?|f?|g?|h?|i?|j?|k?|l?|m?|n?_a?|b?|c?|d?|e?|f?|g?|h?|i?|j?|k?|l?|m?|n?}-{a?|b?|c?|d?|e?|f?|g?|h?|i?|j?|k?|l?|m?|n?_a?|b?|c?|d?|e?|f?|g?|h?|i?|j?|k?|l?|m?|n?}-{a?|b?|c?|d?|e?|f?|g?|h?|i?|j?|k?|l?|m?|n?_a?|b?|c?|d?|e?|f?|g?|h?|i?|j?|k?|l?|m?|n?}-{a?|b?|c?|d?|e?|f?|g?|h?|i?|j?|k?|l?|m?|n?_a?|b?|c?|d?|e?|f?|g?|h?|i?|j?|k?|l?|m?|n?}-{a?|b?|c?|d?|e?|f?|g?|h?|i?|j?|k?|l?|m?|n?_a?|b?|c?|d?|e?|f?|g?|h?|i?|j?|k?|l?|m?|n?}-{a?|b?|c?|d?|e?|f?|g?|h?|i?|j?|k?|l?|m?|n?_a?|b?|c?|d?|e?|f?|g?|h?|i?|j?|k?|l?|m?|n?}-{a?|b?|c?|d?|e?|f?|g?|h?|i?|j?|k?|l?|m?|n?_a?|b?|c?|d?|e?|f?|g?|h?|i?|j?|k?|l?|m?|n?}-{a?|b?|c?|d?|e?|f?|g?|h?|i?|j?|k?|l?|m?|n?","WURCS=2.0/5,14,13/[a2122h-1x_1-5_2*NCC/3=O][a1122h-1x_1-5][a1221m-1x_1-5][a2112h-1x_1-5][a212h-1x_1-5]/1-1-2-2-1-3-4-2-1-3-4-5-3-3/a?-b1_a?-m1_a?-n1_b?-c1_c?-d1_c?-h1_c?-l1_d?-e1_e?-f1_e?-g1_h?-i1_i?-j1_i?-k1","WURCS=2.0/6,14,13/[a2122h-1b_1-5_2*NCC/3=O][a1221m-1a_1-5][a1122h-1b_1-5][a212h-1b_1-5][a1122h-1a_1-5][a2112h-1b_1-5]/1-2-1-3-4-5-1-2-6-5-1-2-6-2/a3-b1_a4-c1_a6-n1_c4-d1_d2-e1_d3-f1_d6-j1_f2-g1_g3-h1_g4-i1_j2-k1_k3-l1_k4-m1",×,"WURCS=2.0/6,14,13/[a2122h-1b_1-5_2*NCC/3=O][a1221m-1a_1-5][a1122h-1b_1-5][a212h-1b_1-5][a1122h-1a_1-5][a2112h-1b_1-5]/1-2-1-3-4-5-1-2-6-5-1-2-6-2/a3-b1_a4-c1_a6-n1_c4-d1_d2-e1_d3-f1_d6-j1_f2-g1_g3-h1_g4-i1_j2-k1_k3-l1_k4-m1"
GL39,SS5_73,G47128NB,G64017CW,G15407YE,"WURCS=2.0/2,3,2/[a2122h-1x_1-5_2*NCC/3=O][a1122h-1x_1-5]/1-1-2/a?|b?|c?}-{a?|b?|c?_a?|b?|c?}-{a?|b?|c?","WURCS=2.0/2,3,2/[a2122h-1x_1-5_2*NCC/3=O][a1122h-1x_1-5]/1-1-2/a?-b1_b?-c1","WURCS=2.0/2,3,2/[a2122h-1b_1-5_2*NCC/3=O][a1122h-1b_1-5]/1-1-2/a4-b1_b4-c1",https://beta.glycosmos.org/glycans/mass/G64017CW?minimum=truelhttps://beta.glycosmos.org/glycans/mass/G73636FD?minimum=truel,
GL40,SS5_64,G46748TH,G86427WL,G81315DD,"WURCS=2.0/2,4,3/[a2122h-1x_1-5_2*NCC/3=O][a1122h-1x_1-5]/1-1-2-2/a?|b?|c?|d?}-{a?|b?|c?|d?_a?|b?|c?|d?}-{a?|b?|c?|d?_a?|b?|c?|d?}-{a?|b?|c?|d?","WURCS=2.0/2,4,3/[a2122h-1x_1-5_2*NCC/3=O][a1122h-1x_1-5]/1-1-2-2/a?-b1_b?-c1_c?-d1","WURCS=2.0/3,4,3/[a2122h-1b_1-5_2*NCC/3=O][a1122h-1b_1-5][a1122h-1a_1-5]/1-1-2-3/a4-b1_b4-c1_c3-d1",https://beta.glycosmos.org/glycans/mass/G86427WL?minimum=truelhttps://beta.glycosmos.org/glycans/mass/G73636FD?minimum=truel,
GL41,SS5_67,G34292BG,G03833LE,G22768VO,"WURCS=2.0/2,5,4/[a2122h-1x_1-5_2*NCC/3=O][a1122h-1x_1-5]/1-1-2-2-2/a?|b?|c?|d?|e?}-{a?|b?|c?|d?|e?_a?|b?|c?|d?|e?}-{a?|b?|c?|d?|e?_a?|b?|c?|d?|e?}-{a?|b?|c?|d?|e?_a?|b?|c?|d?|e?}-{a?|b?|c?|d?|e?","WURCS=2.0/2,5,4/[a2122h-1x_1-5_2*NCC/3=O][a1122h-1x_1-5]/1-1-2-2-2/a?-b1_b?-c1_c?-d1_c?-e1","WURCS=2.0/3,5,4/[a2122h-1b_1-5_2*NCC/3=O][a1122h-1b_1-5][a1122h-1a_1-5]/1-1-2-3-3/a4-b1_b4-c1_c3-d1_c6-e1",https://beta.glycosmos.org/glycans/mass/G03833LE?minimum=truelhttps://beta.glycosmos.org/glycans/mass/G73636FD?minimum=truel,
GL42,BE02_93,G92070QH,G58858DY,G36544AC,"WURCS=2.0/2,6,5/[a2122h-1x_1-5_2*NCC/3=O][a1122h-1x_1-5]/1-1-2-2-2-2/a?|b?|c?|d?|e?|f?}-{a?|b?|c?|d?|e?|f?_a?|b?|c?|d?|e?|f?}-{a?|b?|c?|d?|e?|f?_a?|b?|c?|d?|e?|f?}-{a?|b?|c?|d?|e?|f?_a?|b?|c?|d?|e?|f?}-{a?|b?|c?|d?|e?|f?_a?|b?|c?|d?|e?|f?}-{a?|b?|c?|d?|e?|f?","WURCS=2.0/2,6,5/[a2122h-1x_1-5_2*NCC/3=O][a1122h-1x_1-5]/1-1-2-2-2-2/a?-b1_b?-c1_c?-d1_c?-f1_d?-e1","WURCS=2.0/2,6,5/[a2122h-1b_1-5_2*NCC/3=O][a1122h-1a_1-5]/1-1-2-2-2-2/a4-b1_b4-c1_c3-d1_c6-f1_d2-e1",https://beta.glycosmos.org/glycans/mass/G58858DY?minimum=truelhttps://beta.glycosmos.org/glycans/mass/G73636FD?minimum=truel,
GL43,SS5_62,G98704PE,G73636FD,G09609EN,"WURCS=2.0/2,7,6/[a2122h-1x_1-5_2*NCC/3=O][a1122h-1x_1-5]/1-1-2-2-2-2-2/a?|b?|c?|d?|e?|f?|g?}-{a?|b?|c?|d?|e?|f?|g?_a?|b?|c?|d?|e?|f?|g?}-{a?|b?|c?|d?|e?|f?|g?_a?|b?|c?|d?|e?|f?|g?}-{a?|b?|c?|d?|e?|f?|g?_a?|b?|c?|d?|e?|f?|g?}-{a?|b?|c?|d?|e?|f?|g?_a?|b?|c?|d?|e?|f?|g?}-{a?|b?|c?|d?|e?|f?|g?_a?|b?|c?|d?|e?|f?|g?}-{a?|b?|c?|d?|e?|f?|g?","WURCS=2.0/2,7,6/[a2122h-1x_1-5_2*NCC/3=O][a1122h-1x_1-5]/1-1-2-2-2-2-2/a?-b1_b?-c1_c?-d1_c?-g1_d?-e1_d?-f1","WURCS=2.0/2,7,6/[a2122h-1b_1-5_2*NCC/3=O][a1122h-1a_1-5]/1-1-2-2-2-2-2/a4-b1_b4-c1_c3-d1_c6-e1_e3-f1_e6-g1",https://beta.glycosmos.org/glycans/mass/G73636FD?minimum=truelhttps://beta.glycosmos.org/glycans/mass/G73636FD?minimum=truel,
GL44,SS5_68,G92070QH,G55304SC,G54064FW,"WURCS=2.0/2,6,5/[a2122h-1x_1-5_2*NCC/3=O][a1122h-1x_1-5]/1-1-2-2-2-2/a?|b?|c?|d?|e?|f?}-{a?|b?|c?|d?|e?|f?_a?|b?|c?|d?|e?|f?}-{a?|b?|c?|d?|e?|f?_a?|b?|c?|d?|e?|f?}-{a?|b?|c?|d?|e?|f?_a?|b?|c?|d?|e?|f?}-{a?|b?|c?|d?|e?|f?_a?|b?|c?|d?|e?|f?}-{a?|b?|c?|d?|e?|f?","WURCS=2.0/2,6,5/[a2122h-1x_1-5_2*NCC/3=O][a1122h-1x_1-5]/1-1-2-2-2-2/a?-b1_b?-c1_c?-d1_d?-e1_d?-f1","WURCS=2.0/3,6,5/[a2122h-1b_1-5_2*NCC/3=O][a1122h-1b_1-5][a1122h-1a_1-5]/1-1-2-3-3-3/a4-b1_b4-c1_c3-d1_d3-e1_d6-f1",https://beta.glycosmos.org/glycans/mass/G55304SC?minimum=truelhttps://beta.glycosmos.org/glycans/mass/G39220OK?minimum=truel,"WURCS=2.0/3,6,5/[a2122h-1b_1-5_2*NCC/3=O][a1122h-1b_1-5][a1122h-1a_1-5]/1-1-2-3-3-3/a4-b1_b4-c1_c3-d1_d3-e1_d6-f1"
GL45,SS5_72,G55385NB,G39220OK,G51872EK,"WURCS=2.0/2,9,8/[a2122h-1x_1-5_2*NCC/3=O][a1122h-1x_1-5]/1-1-2-2-2-2-2-2-2/a?|b?|c?|d?|e?|f?|g?|h?|i?}-{a?|b?|c?|d?|e?|f?|g?|h?|i?_a?|b?|c?|d?|e?|f?|g?|h?|i?}-{a?|b?|c?|d?|e?|f?|g?|h?|i?_a?|b?|c?|d?|e?|f?|g?|h?|i?}-{a?|b?|c?|d?|e?|f?|g?|h?|i?_a?|b?|c?|d?|e?|f?|g?|h?|i?}-{a?|b?|c?|d?|e?|f?|g?|h?|i?_a?|b?|c?|d?|e?|f?|g?|h?|i?}-{a?|b?|c?|d?|e?|f?|g?|h?|i?_a?|b?|c?|d?|e?|f?|g?|h?|i?}-{a?|b?|c?|d?|e?|f?|g?|h?|i?_a?|b?|c?|d?|e?|f?|g?|h?|i?}-{a?|b?|c?|d?|e?|f?|g?|h?|i?_a?|b?|c?|d?|e?|f?|g?|h?|i?}-{a?|b?|c?|d?|e?|f?|g?|h?|i?","WURCS=2.0/2,9,8/[a2122h-1x_1-5_2*NCC/3=O][a1122h-1x_1-5]/1-1-2-2-2-2-2-2-2/a?-b1_b?-c1_c?-d1_c?-g1_d?-e1_d?-f1_g?-h1_g?-i1","WURCS=2.0/3,9,8/[a2122h-1b_1-5_2*NCC/3=O][a1122h-1b_1-5][a1122h-1a_1-5]/1-1-2-3-3-3-3-3-3/a4-b1_b4-c1_c3-d1_c6-g1_d2-e1_d6-f1_g3-h1_g6-i1",https://beta.glycosmos.org/glycans/mass/G39220OK?minimum=truelhttps://beta.glycosmos.org/glycans/mass/G39220OK?minimum=truel,
GL46,SS5_69,G47128NB,G65585XE,G49916XD,"WURCS=2.0/2,3,2/[a2122h-1x_1-5_2*NCC/3=O][a1122h-1x_1-5]/1-1-2/a?|b?|c?}-{a?|b?|c?_a?|b?|c?}-{a?|b?|c?","WURCS=2.0/2,3,2/[a1122h-1x_1-5][a2122h-1x_1-5_2*NCC/3=O]/1-2-2/a?-b1_a?-c1",,https://beta.glycosmos.org/glycans/mass/G65585XE?minimum=truel,"WURCS=2.0/3,9,8/[a2122h-1b_1-5_2*NCC/3=O][a1122h-1b_1-5][a1122h-1a_1-5]/1-1-2-3-3-3-3-3-3/a4-b1_b4-c1_c3-d1_c6-g1_d3-e1_d6-f1_g3-h1_g6-i1"
GL47,SS5_63,G08752QA,G54771TX,G92022ML,"WURCS=2.0/2,6,5/[a2122h-1x_1-5_2*NCC/3=O][a1122h-1x_1-5]/1-1-1-1-2-2/a?|b?|c?|d?|e?|f?}-{a?|b?|c?|d?|e?|f?_a?|b?|c?|d?|e?|f?}-{a?|b?|c?|d?|e?|f?_a?|b?|c?|d?|e?|f?}-{a?|b?|c?|d?|e?|f?_a?|b?|c?|d?|e?|f?}-{a?|b?|c?|d?|e?|f?_a?|b?|c?|d?|e?|f?}-{a?|b?|c?|d?|e?|f?","WURCS=2.0/2,6,5/[a2122h-1x_1-5_2*NCC/3=O][a1122h-1x_1-5]/1-1-2-2-1-1/a?-b1_b?-c1_c?-d1_d?-e1_d?-f1","WURCS=2.0/3,6,5/[a2122h-1b_1-5_2*NCC/3=O][a1122h-1b_1-5][a1122h-1a_1-5]/1-1-2-3-1-1/a4-b1_b4-c1_c3-d1_d2-e1_d4-f1",https://beta.glycosmos.org/glycans/mass/G54771TX?minimum=truel,
GL48,NG4_010,G26875XQ,G78607HP,G39213VZ,"WURCS=2.0/2,7,6/[a2122h-1x_1-5_2*NCC/3=O][a1122h-1x_1-5]/1-1-1-1-2-2-2/a?|b?|c?|d?|e?|f?|g?}-{a?|b?|c?|d?|e?|f?|g?_a?|b?|c?|d?|e?|f?|g?}-{a?|b?|c?|d?|e?|f?|g?_a?|b?|c?|d?|e?|f?|g?}-{a?|b?|c?|d?|e?|f?|g?_a?|b?|c?|d?|e?|f?|g?}-{a?|b?|c?|d?|e?|f?|g?_a?|b?|c?|d?|e?|f?|g?}-{a?|b?|c?|d?|e?|f?|g?_a?|b?|c?|d?|e?|f?|g?}-{a?|b?|c?|d?|e?|f?|g?","WURCS=2.0/2,7,6/[a2122h-1x_1-5_2*NCC/3=O][a1122h-1x_1-5]/1-1-2-2-1-2-1/a?-b1_b?-c1_c?-d1_c?-f1_d?-e1_f?-g1","WURCS=2.0/3,7,6/[a2122h-1b_1-5_2*NCC/3=O][a1122h-1b_1-5][a1122h-1a_1-5]/1-1-2-3-1-3-1/a4-b1_b4-c1_c3-d1_c6-f1_d2-e1_f2-g1",https://beta.glycosmos.org/glycans/mass/G78607HP?minimum=truel,
GL49,NG2_091,G96190EY,G31277DF,G10133VD,"WURCS=2.0/2,5,4/[a2122h-1x_1-5_2*NCC/3=O][a1122h-1x_1-5]/1-1-1-2-2/a?|b?|c?|d?|e?}-{a?|b?|c?|d?|e?_a?|b?|c?|d?|e?}-{a?|b?|c?|d?|e?_a?|b?|c?|d?|e?}-{a?|b?|c?|d?|e?_a?|b?|c?|d?|e?}-{a?|b?|c?|d?|e?","WURCS=2.0/2,5,4/[a2122h-1x_1-5_2*NCC/3=O][a1122h-1x_1-5]/1-1-2-2-1/a?-b1_b?-c1_c?-d1_d?-e1","WURCS=2.0/3,5,4/[a2122h-1b_1-5_2*NCC/3=O][a1122h-1b_1-5][a1122h-1a_1-5]/1-1-2-3-1/a4-b1_b4-c1_c3-d1_d2-e1",https://beta.glycosmos.org/glycans/mass/G31277DF?minimum=truel,
GL50,NG2_092,G10186EX,G88489PQ,G32611KT,"WURCS=2.0/2,8,7/[a2122h-1x_1-5_2*NCC/3=O][a1122h-1x_1-5]/1-1-1-1-1-2-2-2/a?|b?|c?|d?|e?|f?|g?|h?}-{a?|b?|c?|d?|e?|f?|g?|h?_a?|b?|c?|d?|e?|f?|g?|h?}-{a?|b?|c?|d?|e?|f?|g?|h?_a?|b?|c?|d?|e?|f?|g?|h?}-{a?|b?|c?|d?|e?|f?|g?|h?_a?|b?|c?|d?|e?|f?|g?|h?}-{a?|b?|c?|d?|e?|f?|g?|h?_a?|b?|c?|d?|e?|f?|g?|h?}-{a?|b?|c?|d?|e?|f?|g?|h?_a?|b?|c?|d?|e?|f?|g?|h?}-{a?|b?|c?|d?|e?|f?|g?|h?_a?|b?|c?|d?|e?|f?|g?|h?}-{a?|b?|c?|d?|e?|f?|g?|h?","WURCS=2.0/2,8,7/[a2122h-1x_1-5_2*NCC/3=O][a1122h-1x_1-5]/1-1-2-2-1-1-2-1/a?-b1_b?-c1_c?-d1_c?-g1_d?-e1_d?-f1_g?-h1","WURCS=2.0/3,8,7/[a2122h-1b_1-5_2*NCC/3=O][a1122h-1b_1-5][a1122h-1a_1-5]/1-1-2-3-1-3-1-1/a4-b1_b4-c1_c3-d1_c6-f1_d2-e1_f2-g1_f4-h1",https://beta.glycosmos.org/glycans/mass/G88489PQ?minimum=truel,
GL51,SS5_102,G10186EX,G88489PQ,G29011JC,,"WURCS=2.0/2,8,7/[a2122h-1x_1-5_2*NCC/3=O][a1122h-1x_1-5]/1-1-2-2-1-1-2-1/a?-b1_b?-c1_c?-d1_c?-g1_d?-e1_d?-f1_g?-h1","WURCS=2.0/3,8,7/[a2122h-1b_1-5_2*NCC/3=O][a1122h-1b_1-5][a1122h-1a_1-5]/1-1-2-3-1-1-3-1/a4-b1_b4-c1_c3-d1_c6-g1_d2-e1_d4-f1_g2-h1",,
GL52,SS6_88,G36919LH,G61136BX,G90223GH,"WURCS=2.0/2,9,8/[a2122h-1x_1-5_2*NCC/3=O][a1122h-1x_1-5]/1-1-1-1-1-1-2-2-2/a?|b?|c?|d?|e?|f?|g?|h?|i?}-{a?|b?|c?|d?|e?|f?|g?|h?|i?_a?|b?|c?|d?|e?|f?|g?|h?|i?}-{a?|b?|c?|d?|e?|f?|g?|h?|i?_a?|b?|c?|d?|e?|f?|g?|h?|i?}-{a?|b?|c?|d?|e?|f?|g?|h?|i?_a?|b?|c?|d?|e?|f?|g?|h?|i?}-{a?|b?|c?|d?|e?|f?|g?|h?|i?_a?|b?|c?|d?|e?|f?|g?|h?|i?}-{a?|b?|c?|d?|e?|f?|g?|h?|i?_a?|b?|c?|d?|e?|f?|g?|h?|i?}-{a?|b?|c?|d?|e?|f?|g?|h?|i?_a?|b?|c?|d?|e?|f?|g?|h?|i?}-{a?|b?|c?|d?|e?|f?|g?|h?|i?_a?|b?|c?|d?|e?|f?|g?|h?|i?}-{a?|b?|c?|d?|e?|f?|g?|h?|i?","WURCS=2.0/2,9,8/[a2122h-1x_1-5_2*NCC/3=O][a1122h-1x_1-5]/1-1-2-2-1-1-2-1-1/a?-b1_b?-c1_c?-d1_c?-g1_d?-e1_d?-f1_g?-h1_g?-i1","WURCS=2.0/3,9,8/[a2122h-1b_1-5_2*NCC/3=O][a1122h-1b_1-5][a1122h-1a_1-5]/1-1-2-3-1-1-3-1-1/a4-b1_b4-c1_c3-d1_c6-g1_d2-e1_d4-f1_g2-h1_g4-i1",https://beta.glycosmos.org/glycans/mass/G61136BX?minimum=truel,
GL53,BE3_57_2,G52854EP,G23930RF,G77974XY,"WURCS=2.0/2,10,9/[a2122h-1x_1-5_2*NCC/3=O][a1122h-1x_1-5]/1-1-1-1-1-1-1-2-2-2/a?|b?|c?|d?|e?|f?|g?|h?|i?|j?}-{a?|b?|c?|d?|e?|f?|g?|h?|i?|j?_a?|b?|c?|d?|e?|f?|g?|h?|i?|j?}-{a?|b?|c?|d?|e?|f?|g?|h?|i?|j?_a?|b?|c?|d?|e?|f?|g?|h?|i?|j?}-{a?|b?|c?|d?|e?|f?|g?|h?|i?|j?_a?|b?|c?|d?|e?|f?|g?|h?|i?|j?}-{a?|b?|c?|d?|e?|f?|g?|h?|i?|j?_a?|b?|c?|d?|e?|f?|g?|h?|i?|j?}-{a?|b?|c?|d?|e?|f?|g?|h?|i?|j?_a?|b?|c?|d?|e?|f?|g?|h?|i?|j?}-{a?|b?|c?|d?|e?|f?|g?|h?|i?|j?_a?|b?|c?|d?|e?|f?|g?|h?|i?|j?}-{a?|b?|c?|d?|e?|f?|g?|h?|i?|j?_a?|b?|c?|d?|e?|f?|g?|h?|i?|j?}-{a?|b?|c?|d?|e?|f?|g?|h?|i?|j?_a?|b?|c?|d?|e?|f?|g?|h?|i?|j?}-{a?|b?|c?|d?|e?|f?|g?|h?|i?|j?","WURCS=2.0/2,10,9/[a2122h-1x_1-5_2*NCC/3=O][a1122h-1x_1-5]/1-1-2-2-1-1-1-2-1-1/a?-b1_b?-c1_c?-d1_c?-h1_d?-e1_d?-f1_d?-g1_h?-i1_h?-j1","WURCS=2.0/3,10,9/[a2122h-1b_1-5_2*NCC/3=O][a1122h-1b_1-5][a1122h-1a_1-5]/1-1-2-3-1-1-3-1-1-1/a4-b1_b4-c1_c3-d1_c6-g1_d2-e1_d4-f1_g2-h1_g4-i1_g6-j1",https://beta.glycosmos.org/glycans/mass/G23930RF?minimum=true,
GL54,SS5_99,G68552WJ,G43463XA,G08520NM,"WURCS=2.0/2,8,7/[a2122h-1x_1-5_2*NCC/3=O][a1122h-1x_1-5]/1-1-1-2-2-2-2-2/a?|b?|c?|d?|e?|f?|g?|h?}-{a?|b?|c?|d?|e?|f?|g?|h?_a?|b?|c?|d?|e?|f?|g?|h?}-{a?|b?|c?|d?|e?|f?|g?|h?_a?|b?|c?|d?|e?|f?|g?|h?}-{a?|b?|c?|d?|e?|f?|g?|h?_a?|b?|c?|d?|e?|f?|g?|h?}-{a?|b?|c?|d?|e?|f?|g?|h?_a?|b?|c?|d?|e?|f?|g?|h?}-{a?|b?|c?|d?|e?|f?|g?|h?_a?|b?|c?|d?|e?|f?|g?|h?}-{a?|b?|c?|d?|e?|f?|g?|h?_a?|b?|c?|d?|e?|f?|g?|h?}-{a?|b?|c?|d?|e?|f?|g?|h?","WURCS=2.0/2,8,7/[a2122h-1x_1-5_2*NCC/3=O][a1122h-1x_1-5]/1-1-2-2-2-2-2-1/a?-b1_b?-c1_c?-d1_c?-g1_d?-e1_d?-f1_g?-h1","WURCS=2.0/3,8,7/[a2122h-1b_1-5_2*NCC/3=O][a1122h-1b_1-5][a1122h-1a_1-5]/1-1-2-3-1-3-3-3/a4-b1_b4-c1_c3-d1_c6-f1_d2-e1_f3-g1_f6-h1",https://beta.glycosmos.org/glycans/mass/G43463XA?minimum=true,
GL55,NG3_010,G55561AL,G59325ZF,G61751GZ,"WURCS=2.0/2,6,5/[a2122h-1x_1-5_2*NCC/3=O][a1122h-1x_1-5]/1-1-1-2-2-2/a?|b?|c?|d?|e?|f?}-{a?|b?|c?|d?|e?|f?_a?|b?|c?|d?|e?|f?}-{a?|b?|c?|d?|e?|f?_a?|b?|c?|d?|e?|f?}-{a?|b?|c?|d?|e?|f?_a?|b?|c?|d?|e?|f?}-{a?|b?|c?|d?|e?|f?_a?|b?|c?|d?|e?|f?}-{a?|b?|c?|d?|e?|f?","WURCS=2.0/2,6,5/[a2122h-1x_1-5_2*NCC/3=O][a1122h-1x_1-5]/1-1-2-2-1-2/a?-b1_b?-c1_c?-d1_c?-f1_d?-e1","WURCS=2.0/3,6,5/[a2122h-1b_1-5_2*NCC/3=O][a1122h-1b_1-5][a1122h-1a_1-5]/1-1-2-3-1-3/a4-b1_b4-c1_c3-d1_c6-f1_d2-e1",https://beta.glycosmos.org/glycans/mass/G59325ZF?minimum=true,
GL56,NG3_110,G92754ZZ,G37692XE,G53168IY,"WURCS=2.0/2,7,6/[a2122h-1x_1-5_2*NCC/3=O][a1122h-1x_1-5]/1-1-1-2-2-2-2/a?|b?|c?|d?|e?|f?|g?}-{a?|b?|c?|d?|e?|f?|g?_a?|b?|c?|d?|e?|f?|g?}-{a?|b?|c?|d?|e?|f?|g?_a?|b?|c?|d?|e?|f?|g?}-{a?|b?|c?|d?|e?|f?|g?_a?|b?|c?|d?|e?|f?|g?}-{a?|b?|c?|d?|e?|f?|g?_a?|b?|c?|d?|e?|f?|g?}-{a?|b?|c?|d?|e?|f?|g?_a?|b?|c?|d?|e?|f?|g?}-{a?|b?|c?|d?|e?|f?|g?","WURCS=2.0/2,7,6/[a2122h-1x_1-5_2*NCC/3=O][a1122h-1x_1-5]/1-1-2-2-1-2-2/a?-b1_b?-c1_c?-d1_c?-f1_d?-e1_f?-g1","WURCS=2.0/3,7,6/[a2122h-1b_1-5_2*NCC/3=O][a1122h-1b_1-5][a1122h-1a_1-5]/1-1-2-3-1-3-3/a4-b1_b4-c1_c3-d1_c6-f1_d2-e1_f3-g1",https://beta.glycosmos.org/glycans/mass/G37692XE?minimum=true,
GL57,NG4_061,G92754ZZ,G37692XE,G75896PD,,"WURCS=2.0/2,7,6/[a2122h-1x_1-5_2*NCC/3=O][a1122h-1x_1-5]/1-1-2-2-1-2-2/a?-b1_b?-c1_c?-d1_c?-f1_d?-e1_f?-g1","WURCS=2.0/3,7,6/[a2122h-1b_1-5_2*NCC/3=O][a1122h-1b_1-5][a1122h-1a_1-5]/1-1-2-3-1-3-3/a4-b1_b4-c1_c3-d1_c6-f1_d2-e1_f6-g1",,
GL58,MAB6_6,G53379FI,G67304TH,G43534QA,"WURCS=2.0/2,2,1/[a2122h-1x_1-5_2*NCC/3=O][a1122h-1x_1-5]/1-2/a?|b?}-{a?|b?","WURCS=2.0/2,2,1/[a1122h-1x_1-5][a2122h-1x_1-5_2*NCC/3=O]/1-2/a?-b1","WURCS=2.0/2,2,1/[a1122h-1b_1-5][a2122h-1b_1-5_2*NCC/3=O]/1-2/a2-b1",https://beta.glycosmos.org/glycans/mass/G67304TH?minimum=true,
GL59,SS6_94,G25305FM,G23934NS,G36191CD,"WURCS=2.0/3,9,8/[a2122h-1x_1-5_2*NCC/3=O][a1122h-1x_1-5][a2112h-1x_1-5]/1-1-1-1-2-2-2-3-3/a?|b?|c?|d?|e?|f?|g?|h?|i?}-{a?|b?|c?|d?|e?|f?|g?|h?|i?_a?|b?|c?|d?|e?|f?|g?|h?|i?}-{a?|b?|c?|d?|e?|f?|g?|h?|i?_a?|b?|c?|d?|e?|f?|g?|h?|i?}-{a?|b?|c?|d?|e?|f?|g?|h?|i?_a?|b?|c?|d?|e?|f?|g?|h?|i?}-{a?|b?|c?|d?|e?|f?|g?|h?|i?_a?|b?|c?|d?|e?|f?|g?|h?|i?}-{a?|b?|c?|d?|e?|f?|g?|h?|i?_a?|b?|c?|d?|e?|f?|g?|h?|i?}-{a?|b?|c?|d?|e?|f?|g?|h?|i?_a?|b?|c?|d?|e?|f?|g?|h?|i?}-{a?|b?|c?|d?|e?|f?|g?|h?|i?_a?|b?|c?|d?|e?|f?|g?|h?|i?}-{a?|b?|c?|d?|e?|f?|g?|h?|i?","WURCS=2.0/3,9,8/[a2122h-1x_1-5_2*NCC/3=O][a1122h-1x_1-5][a2112h-1x_1-5]/1-1-2-2-1-3-2-1-3/a?-b1_b?-c1_c?-d1_c?-g1_d?-e1_e?-f1_g?-h1_h?-i1","WURCS=2.0/4,9,8/[a2122h-1b_1-5_2*NCC/3=O][a1122h-1b_1-5][a1122h-1a_1-5][a2112h-1a_1-5]/1-1-2-3-1-4-3-1-4/a4-b1_b4-c1_c3-d1_c6-g1_d2-e1_e4-f1_g2-h1_h4-i1",https://beta.glycosmos.org/glycans/mass/G23934NS?minimum=true,
GL60,SS8_50,G30350PZ,G91496ML,G82779CI,"WURCS=2.0/3,11,10/[a2122h-1x_1-5_2*NCC/3=O][a1122h-1x_1-5][a2112h-1x_1-5]/1-1-1-1-1-2-2-2-3-3-3/a?|b?|c?|d?|e?|f?|g?|h?|i?|j?|k?}-{a?|b?|c?|d?|e?|f?|g?|h?|i?|j?|k?_a?|b?|c?|d?|e?|f?|g?|h?|i?|j?|k?}-{a?|b?|c?|d?|e?|f?|g?|h?|i?|j?|k?_a?|b?|c?|d?|e?|f?|g?|h?|i?|j?|k?}-{a?|b?|c?|d?|e?|f?|g?|h?|i?|j?|k?_a?|b?|c?|d?|e?|f?|g?|h?|i?|j?|k?}-{a?|b?|c?|d?|e?|f?|g?|h?|i?|j?|k?_a?|b?|c?|d?|e?|f?|g?|h?|i?|j?|k?}-{a?|b?|c?|d?|e?|f?|g?|h?|i?|j?|k?_a?|b?|c?|d?|e?|f?|g?|h?|i?|j?|k?}-{a?|b?|c?|d?|e?|f?|g?|h?|i?|j?|k?_a?|b?|c?|d?|e?|f?|g?|h?|i?|j?|k?}-{a?|b?|c?|d?|e?|f?|g?|h?|i?|j?|k?_a?|b?|c?|d?|e?|f?|g?|h?|i?|j?|k?}-{a?|b?|c?|d?|e?|f?|g?|h?|i?|j?|k?_a?|b?|c?|d?|e?|f?|g?|h?|i?|j?|k?}-{a?|b?|c?|d?|e?|f?|g?|h?|i?|j?|k?_a?|b?|c?|d?|e?|f?|g?|h?|i?|j?|k?}-{a?|b?|c?|d?|e?|f?|g?|h?|i?|j?|k?","WURCS=2.0/3,11,10/[a2122h-1x_1-5_2*NCC/3=O][a1122h-1x_1-5][a2112h-1x_1-5]/1-1-2-2-1-3-1-3-2-1-3/a?-b1_b?-c1_c?-d1_c?-i1_d?-e1_d?-g1_e?-f1_g?-h1_i?-j1_j?-k1","WURCS=2.0/4,11,10/[a2122h-1b_1-5_2*NCC/3=O][a1122h-1b_1-5][a1122h-1a_1-5][a2112h-1b_1-5]/1-1-2-3-1-4-3-1-4-1-4/a4-b1_b4-c1_c3-d1_c6-g1_d2-e1_e4-f1_g2-h1_g4-j1_h4-i1_j4-k1",https://beta.glycosmos.org/glycans/mass/G91496ML?minimum=true,
GL61,SS8_51,G30350PZ,G91496ML,G29857RC,,"WURCS=2.0/3,11,10/[a2122h-1x_1-5_2*NCC/3=O][a1122h-1x_1-5][a2112h-1x_1-5]/1-1-2-2-1-3-1-3-2-1-3/a?-b1_b?-c1_c?-d1_c?-i1_d?-e1_d?-g1_e?-f1_g?-h1_i?-j1_j?-k1","WURCS=2.0/4,11,10/[a2122h-1b_1-5_2*NCC/3=O][a1122h-1b_1-5][a1122h-1a_1-5][a2112h-1b_1-5]/1-1-2-3-1-4-1-4-3-1-4/a4-b1_b4-c1_c3-d1_c6-i1_d2-e1_d4-g1_e4-f1_g4-h1_i2-j1_j4-k1",,
GL62,SS8_52,G90830HU,G47246AJ,G58547FH,"WURCS=2.0/3,13,12/[a2122h-1x_1-5_2*NCC/3=O][a1122h-1x_1-5][a2112h-1x_1-5]/1-1-1-1-1-1-2-2-2-3-3-3-3/a?|b?|c?|d?|e?|f?|g?|h?|i?|j?|k?|l?|m?}-{a?|b?|c?|d?|e?|f?|g?|h?|i?|j?|k?|l?|m?_a?|b?|c?|d?|e?|f?|g?|h?|i?|j?|k?|l?|m?}-{a?|b?|c?|d?|e?|f?|g?|h?|i?|j?|k?|l?|m?_a?|b?|c?|d?|e?|f?|g?|h?|i?|j?|k?|l?|m?}-{a?|b?|c?|d?|e?|f?|g?|h?|i?|j?|k?|l?|m?_a?|b?|c?|d?|e?|f?|g?|h?|i?|j?|k?|l?|m?}-{a?|b?|c?|d?|e?|f?|g?|h?|i?|j?|k?|l?|m?_a?|b?|c?|d?|e?|f?|g?|h?|i?|j?|k?|l?|m?}-{a?|b?|c?|d?|e?|f?|g?|h?|i?|j?|k?|l?|m?_a?|b?|c?|d?|e?|f?|g?|h?|i?|j?|k?|l?|m?}-{a?|b?|c?|d?|e?|f?|g?|h?|i?|j?|k?|l?|m?_a?|b?|c?|d?|e?|f?|g?|h?|i?|j?|k?|l?|m?}-{a?|b?|c?|d?|e?|f?|g?|h?|i?|j?|k?|l?|m?_a?|b?|c?|d?|e?|f?|g?|h?|i?|j?|k?|l?|m?}-{a?|b?|c?|d?|e?|f?|g?|h?|i?|j?|k?|l?|m?_a?|b?|c?|d?|e?|f?|g?|h?|i?|j?|k?|l?|m?}-{a?|b?|c?|d?|e?|f?|g?|h?|i?|j?|k?|l?|m?_a?|b?|c?|d?|e?|f?|g?|h?|i?|j?|k?|l?|m?}-{a?|b?|c?|d?|e?|f?|g?|h?|i?|j?|k?|l?|m?_a?|b?|c?|d?|e?|f?|g?|h?|i?|j?|k?|l?|m?}-{a?|b?|c?|d?|e?|f?|g?|h?|i?|j?|k?|l?|m?_a?|b?|c?|d?|e?|f?|g?|h?|i?|j?|k?|l?|m?}-{a?|b?|c?|d?|e?|f?|g?|h?|i?|j?|k?|l?|m?","WURCS=2.0/3,13,12/[a2122h-1x_1-5_2*NCC/3=O][a1122h-1x_1-5][a2112h-1x_1-5]/1-1-2-2-1-3-1-3-2-1-3-1-3/a?-b1_b?-c1_c?-d1_c?-i1_d?-e1_d?-g1_e?-f1_g?-h1_i?-j1_i?-l1_j?-k1_l?-m1","WURCS=2.0/4,13,12/[a2122h-1b_1-5_2*NCC/3=O][a1122h-1b_1-5][a1122h-1a_1-5][a2112h-1b_1-5]/1-1-2-3-1-4-1-4-3-1-4-1-4/a4-b1_b4-c1_c3-d1_c6-i1_d2-e1_d4-g1_e4-f1_g4-h1_i2-j1_i4-l1_j4-k1_l4-m1",https://beta.glycosmos.org/glycans/mass/G47246AJ?minimum=true,
GL63,KB03_104,G25916KZ,G99318LJ,G09482NW,"WURCS=2.0/3,9,8/[a2122h-1x_1-5_2*NCC/3=O][a1122h-1x_1-5][a2112h-1x_1-5_2*NCC/3=O]/1-1-1-1-2-2-2-3-3/a?|b?|c?|d?|e?|f?|g?|h?|i?}-{a?|b?|c?|d?|e?|f?|g?|h?|i?_a?|b?|c?|d?|e?|f?|g?|h?|i?}-{a?|b?|c?|d?|e?|f?|g?|h?|i?_a?|b?|c?|d?|e?|f?|g?|h?|i?}-{a?|b?|c?|d?|e?|f?|g?|h?|i?_a?|b?|c?|d?|e?|f?|g?|h?|i?}-{a?|b?|c?|d?|e?|f?|g?|h?|i?_a?|b?|c?|d?|e?|f?|g?|h?|i?}-{a?|b?|c?|d?|e?|f?|g?|h?|i?_a?|b?|c?|d?|e?|f?|g?|h?|i?}-{a?|b?|c?|d?|e?|f?|g?|h?|i?_a?|b?|c?|d?|e?|f?|g?|h?|i?}-{a?|b?|c?|d?|e?|f?|g?|h?|i?_a?|b?|c?|d?|e?|f?|g?|h?|i?}-{a?|b?|c?|d?|e?|f?|g?|h?|i?","WURCS=2.0/3,9,8/[a2122h-1x_1-5_2*NCC/3=O][a1122h-1x_1-5][a2112h-1x_1-5_2*NCC/3=O]/1-1-2-2-1-3-2-1-3/a?-b1_b?-c1_c?-d1_c?-g1_d?-e1_e?-f1_g?-h1_h?-i1","WURCS=2.0/4,9,8/[a2122h-1b_1-5_2*NCC/3=O][a1122h-1b_1-5][a1122h-1a_1-5][a2112h-1b_1-5_2*NCC/3=O]/1-1-2-3-1-4-3-1-4/a4-b1_b4-c1_c3-d1_c6-g1_d2-e1_e4-f1_g2-h1_h4-i1",https://beta.glycosmos.org/glycans/mass/G99318LJ?minimum=true,
GL64,SS6_105,G24301BN,G72398VP,G73271MD,"WURCS=2.0/3,8,7/[a1221m-1x_1-5][a2122h-1x_1-5_2*NCC/3=O][a1122h-1x_1-5]/1-2-2-2-2-3-3-3/a?|b?|c?|d?|e?|f?|g?|h?}-{a?|b?|c?|d?|e?|f?|g?|h?_a?|b?|c?|d?|e?|f?|g?|h?}-{a?|b?|c?|d?|e?|f?|g?|h?_a?|b?|c?|d?|e?|f?|g?|h?}-{a?|b?|c?|d?|e?|f?|g?|h?_a?|b?|c?|d?|e?|f?|g?|h?}-{a?|b?|c?|d?|e?|f?|g?|h?_a?|b?|c?|d?|e?|f?|g?|h?}-{a?|b?|c?|d?|e?|f?|g?|h?_a?|b?|c?|d?|e?|f?|g?|h?}-{a?|b?|c?|d?|e?|f?|g?|h?_a?|b?|c?|d?|e?|f?|g?|h?}-{a?|b?|c?|d?|e?|f?|g?|h?","WURCS=2.0/3,8,7/[a2122h-1x_1-5_2*NCC/3=O][a1122h-1x_1-5][a1221m-1x_1-5]/1-1-2-2-1-2-1-3/a?-b1_a?-h1_b?-c1_c?-d1_c?-f1_d?-e1_f?-g1","WURCS=2.0/4,8,7/[a2122h-1b_1-5_2*NCC/3=O][a1122h-1b_1-5][a1122h-1a_1-5][a1221m-1a_1-5]/1-1-2-2-1-3-1-4/a4-b1_a6-h1_b4-c1_c3-d1_c6-f1_d2-e1_f2-g1",https://beta.glycosmos.org/glycans/mass/G72398VP?minimum=true,
GL65,SS7_6,G78160GH,G19860ZP,G82942ZJ,"WURCS=2.0/3,9,8/[a1221m-1x_1-5][a2122h-1x_1-5_2*NCC/3=O][a1122h-1x_1-5]/1-2-2-2-3-3-3-3-3/a?|b?|c?|d?|e?|f?|g?|h?|i?}-{a?|b?|c?|d?|e?|f?|g?|h?|i?_a?|b?|c?|d?|e?|f?|g?|h?|i?}-{a?|b?|c?|d?|e?|f?|g?|h?|i?_a?|b?|c?|d?|e?|f?|g?|h?|i?}-{a?|b?|c?|d?|e?|f?|g?|h?|i?_a?|b?|c?|d?|e?|f?|g?|h?|i?}-{a?|b?|c?|d?|e?|f?|g?|h?|i?_a?|b?|c?|d?|e?|f?|g?|h?|i?}-{a?|b?|c?|d?|e?|f?|g?|h?|i?_a?|b?|c?|d?|e?|f?|g?|h?|i?}-{a?|b?|c?|d?|e?|f?|g?|h?|i?_a?|b?|c?|d?|e?|f?|g?|h?|i?}-{a?|b?|c?|d?|e?|f?|g?|h?|i?_a?|b?|c?|d?|e?|f?|g?|h?|i?}-{a?|b?|c?|d?|e?|f?|g?|h?|i?","WURCS=2.0/3,9,8/[a2122h-1x_1-5_2*NCC/3=O][a1122h-1x_1-5][a1221m-1x_1-5]/1-1-2-2-2-2-2-1-3/a?-b1_a?-i1_b?-c1_c?-d1_c?-g1_d?-e1_d?-f1_g?-h1","WURCS=2.0/4,9,8/[a2122h-1b_1-5_2*NCC/3=O][a1122h-1b_1-5][a1122h-1a_1-5][a1221m-1a_1-5]/1-1-2-3-1-3-3-3-4/a4-b1_a6-i1_b4-c1_c3-d1_c6-f1_d2-e1_f3-g1_f6-h1",https://beta.glycosmos.org/glycans/mass/G19860ZP?minimum=true,
GL66,SS8_10,G56743AT,G86043DD,G14844CX,"WURCS=2.0/3,6,5/[a1221m-1x_1-5][a2122h-1x_1-5_2*NCC/3=O][a1122h-1x_1-5]/1-2-2-2-3-3/a?|b?|c?|d?|e?|f?}-{a?|b?|c?|d?|e?|f?_a?|b?|c?|d?|e?|f?}-{a?|b?|c?|d?|e?|f?_a?|b?|c?|d?|e?|f?}-{a?|b?|c?|d?|e?|f?_a?|b?|c?|d?|e?|f?}-{a?|b?|c?|d?|e?|f?_a?|b?|c?|d?|e?|f?}-{a?|b?|c?|d?|e?|f?","WURCS=2.0/3,6,5/[a2122h-1x_1-5_2*NCC/3=O][a1122h-1x_1-5][a1221m-1x_1-5]/1-1-2-2-1-3/a?-b1_a?-f1_b?-c1_c?-d1_d?-e1","WURCS=2.0/3,6,5/[a2122h-1b_1-5_2*NCC/3=O][a1122h-1b_1-5][a1221m-1a_1-5]/1-1-2-2-1-3/a4-b1_a6-f1_b4-c1_c3-d1_d2-e1",https://beta.glycosmos.org/glycans/mass/G86043DD?minimum=true,
GL67,SS8_33,G67604VF,G40932HD,G07483YN,"WURCS=2.0/3,7,6/[a1221m-1x_1-5][a2122h-1x_1-5_2*NCC/3=O][a1122h-1x_1-5]/1-2-2-2-3-3-3/a?|b?|c?|d?|e?|f?|g?}-{a?|b?|c?|d?|e?|f?|g?_a?|b?|c?|d?|e?|f?|g?}-{a?|b?|c?|d?|e?|f?|g?_a?|b?|c?|d?|e?|f?|g?}-{a?|b?|c?|d?|e?|f?|g?_a?|b?|c?|d?|e?|f?|g?}-{a?|b?|c?|d?|e?|f?|g?_a?|b?|c?|d?|e?|f?|g?}-{a?|b?|c?|d?|e?|f?|g?_a?|b?|c?|d?|e?|f?|g?}-{a?|b?|c?|d?|e?|f?|g?","WURCS=2.0/3,7,6/[a2122h-1x_1-5_2*NCC/3=O][a1122h-1x_1-5][a1221m-1x_1-5]/1-1-2-2-1-2-3/a?-b1_a?-g1_b?-c1_c?-d1_c?-f1_d?-e1","WURCS=2.0/4,7,6/[a2122h-1b_1-5_2*NCC/3=O][a1122h-1b_1-5][a1122h-1a_1-5][a1221m-1a_1-5]/1-1-2-3-1-3-4/a4-b1_a6-g1_b4-c1_c3-d1_c6-f1_d2-e1",https://beta.glycosmos.org/glycans/mass/G40932HD?minimum=true,
GL68,SS8_34,G13309OS,G78214BJ,G17140UR,"WURCS=2.0/3,8,7/[a1221m-1x_1-5][a2122h-1x_1-5_2*NCC/3=O][a1122h-1x_1-5]/1-2-2-2-3-3-3-3/a?|b?|c?|d?|e?|f?|g?|h?}-{a?|b?|c?|d?|e?|f?|g?|h?_a?|b?|c?|d?|e?|f?|g?|h?}-{a?|b?|c?|d?|e?|f?|g?|h?_a?|b?|c?|d?|e?|f?|g?|h?}-{a?|b?|c?|d?|e?|f?|g?|h?_a?|b?|c?|d?|e?|f?|g?|h?}-{a?|b?|c?|d?|e?|f?|g?|h?_a?|b?|c?|d?|e?|f?|g?|h?}-{a?|b?|c?|d?|e?|f?|g?|h?_a?|b?|c?|d?|e?|f?|g?|h?}-{a?|b?|c?|d?|e?|f?|g?|h?_a?|b?|c?|d?|e?|f?|g?|h?}-{a?|b?|c?|d?|e?|f?|g?|h?","WURCS=2.0/3,8,7/[a2122h-1x_1-5_2*NCC/3=O][a1122h-1x_1-5][a1221m-1x_1-5]/1-1-2-2-1-2-2-3/a?-b1_a?-h1_b?-c1_c?-d1_c?-f1_d?-e1_f?-g1","WURCS=2.0/4,8,7/[a2122h-1b_1-5_2*NCC/3=O][a1122h-1b_1-5][a1122h-1a_1-5][a1221m-1a_1-5]/1-1-2-3-1-3-3-4/a4-b1_a6-h1_b4-c1_c3-d1_c6-f1_d2-e1_f6-g1",https://beta.glycosmos.org/glycans/mass/G78214BJ?minimum=true,
GL69,SS8_35,G13309OS,G78214BJ,G58969RU,,"WURCS=2.0/3,8,7/[a2122h-1x_1-5_2*NCC/3=O][a1122h-1x_1-5][a1221m-1x_1-5]/1-1-2-2-1-2-2-3/a?-b1_a?-h1_b?-c1_c?-d1_c?-f1_d?-e1_f?-g1","WURCS=2.0/4,8,7/[a2122h-1b_1-5_2*NCC/3=O][a1122h-1b_1-5][a1122h-1a_1-5][a1221m-1a_1-5]/1-1-2-3-1-3-3-4/a4-b1_a6-h1_b4-c1_c3-d1_c6-f1_d2-e1_f3-g1",,
GL70,SS8_39,G00484ZC,G27815BZ,G82348BZ,"WURCS=2.0/3,6,5/[a1221m-1x_1-5][a2122h-1x_1-5_2*NCC/3=O][a1122h-1x_1-5]/1-2-2-3-3-3/a?|b?|c?|d?|e?|f?}-{a?|b?|c?|d?|e?|f?_a?|b?|c?|d?|e?|f?}-{a?|b?|c?|d?|e?|f?_a?|b?|c?|d?|e?|f?}-{a?|b?|c?|d?|e?|f?_a?|b?|c?|d?|e?|f?}-{a?|b?|c?|d?|e?|f?_a?|b?|c?|d?|e?|f?}-{a?|b?|c?|d?|e?|f?","WURCS=2.0/3,6,5/[a2122h-1x_1-5_2*NCC/3=O][a1122h-1x_1-5][a1221m-1x_1-5]/1-1-2-2-2-3/a?-b1_a?-f1_b?-c1_c?-d1_c?-e1","WURCS=2.0/4,6,5/[a2122h-1b_1-5_2*NCC/3=O][a1122h-1b_1-5][a1122h-1a_1-5][a1221m-1a_1-5]/1-1-2-3-3-4/a4-b1_a6-f1_b4-c1_c3-d1_c6-e1",https://beta.glycosmos.org/glycans/mass/G27815BZ?minimum=true,
GL71,SS8_36,G42216WM,G57606PJ,G72424VO,"WURCS=2.0/3,7,6/[a1221m-1x_1-5][a2122h-1x_1-5_2*NCC/3=O][a1122h-1x_1-5]/1-2-2-2-2-3-3/a?|b?|c?|d?|e?|f?|g?}-{a?|b?|c?|d?|e?|f?|g?_a?|b?|c?|d?|e?|f?|g?}-{a?|b?|c?|d?|e?|f?|g?_a?|b?|c?|d?|e?|f?|g?}-{a?|b?|c?|d?|e?|f?|g?_a?|b?|c?|d?|e?|f?|g?}-{a?|b?|c?|d?|e?|f?|g?_a?|b?|c?|d?|e?|f?|g?}-{a?|b?|c?|d?|e?|f?|g?_a?|b?|c?|d?|e?|f?|g?}-{a?|b?|c?|d?|e?|f?|g?","WURCS=2.0/3,7,6/[a2122h-1x_1-5_2*NCC/3=O][a1122h-1x_1-5][a1221m-1x_1-5]/1-1-2-2-1-1-3/a?-b1_a?-g1_b?-c1_c?-d1_d?-e1_d?-f1","WURCS=2.0/4,7,6/[a2122h-1b_1-5_2*NCC/3=O][a1122h-1b_1-5][a1122h-1a_1-5][a1221m-1a_1-5]/1-1-2-3-1-1-4/a4-b1_a6-g1_b4-c1_c3-d1_d2-e1_d4-f1",×,"WURCS=2.0/4,7,6/[a2122h-1b_1-5_2*NCC/3=O][a1122h-1b_1-5][a1122h-1a_1-5][a1221m-1a_1-5]/1-1-2-3-1-1-4/a4-b1_a6-g1_b4-c1_c3-d1_d2-e1_d4-f1"
GL72,SS8_29,G00484ZC,G27815BZ,G43648DB,"WURCS=2.0/3,6,5/[a1221m-1x_1-5][a2122h-1x_1-5_2*NCC/3=O][a1122h-1x_1-5]/1-2-2-3-3-3/a?|b?|c?|d?|e?|f?}-{a?|b?|c?|d?|e?|f?_a?|b?|c?|d?|e?|f?}-{a?|b?|c?|d?|e?|f?_a?|b?|c?|d?|e?|f?}-{a?|b?|c?|d?|e?|f?_a?|b?|c?|d?|e?|f?}-{a?|b?|c?|d?|e?|f?_a?|b?|c?|d?|e?|f?}-{a?|b?|c?|d?|e?|f?","WURCS=2.0/3,6,5/[a2122h-1x_1-5_2*NCC/3=O][a1122h-1x_1-5][a1221m-1x_1-5]/1-1-2-2-2-3/a?-b1_a?-f1_b?-c1_c?-d1_c?-e1","WURCS=2.0/4,6,5/[a2122h-1b_1-5_2*NCC/3=O][a1221m-1a_1-5][a1122h-1b_1-5][a1122h-1a_1-5]/1-2-1-3-4-4/a3-b1_a4-c1_c4-d1_d3-e1_d6-f1",https://beta.glycosmos.org/glycans/mass/G27815BZ?minimum=true,
GL73,SS8_32,G48124JO,G34820CX,G76615YG,"WURCS=2.0/3,10,9/[a1221m-1x_1-5][a2122h-1x_1-5_2*NCC/3=O][a1122h-1x_1-5]/1-1-2-2-2-3-3-3-3-3/a?|b?|c?|d?|e?|f?|g?|h?|i?|j?}-{a?|b?|c?|d?|e?|f?|g?|h?|i?|j?_a?|b?|c?|d?|e?|f?|g?|h?|i?|j?}-{a?|b?|c?|d?|e?|f?|g?|h?|i?|j?_a?|b?|c?|d?|e?|f?|g?|h?|i?|j?}-{a?|b?|c?|d?|e?|f?|g?|h?|i?|j?_a?|b?|c?|d?|e?|f?|g?|h?|i?|j?}-{a?|b?|c?|d?|e?|f?|g?|h?|i?|j?_a?|b?|c?|d?|e?|f?|g?|h?|i?|j?}-{a?|b?|c?|d?|e?|f?|g?|h?|i?|j?_a?|b?|c?|d?|e?|f?|g?|h?|i?|j?}-{a?|b?|c?|d?|e?|f?|g?|h?|i?|j?_a?|b?|c?|d?|e?|f?|g?|h?|i?|j?}-{a?|b?|c?|d?|e?|f?|g?|h?|i?|j?_a?|b?|c?|d?|e?|f?|g?|h?|i?|j?}-{a?|b?|c?|d?|e?|f?|g?|h?|i?|j?_a?|b?|c?|d?|e?|f?|g?|h?|i?|j?}-{a?|b?|c?|d?|e?|f?|g?|h?|i?|j?","WURCS=2.0/3,10,9/[a2122h-1x_1-5_2*NCC/3=O][a1122h-1x_1-5][a1221m-1x_1-5]/1-1-2-2-2-2-2-1-3-3/a?-b1_a?-i1_a?-j1_b?-c1_c?-d1_c?-g1_d?-e1_d?-f1_g?-h1","WURCS=2.0/4,10,9/[a2122h-1b_1-5_2*NCC/3=O][a1221m-1a_1-5][a1122h-1b_1-5][a1122h-1a_1-5]/1-2-1-3-4-1-4-4-4-2/a3-b1_a4-c1_a6-j1_c4-d1_d3-e1_d6-g1_e2-f1_g3-h1_g6-i1",×,"WURCS=2.0/4,10,9/[a2122h-1b_1-5_2*NCC/3=O][a1221m-1a_1-5][a1122h-1b_1-5][a1122h-1a_1-5]/1-2-1-3-4-1-4-4-4-2/a3-b1_a4-c1_a6-j1_c4-d1_d3-e1_d6-g1_e2-f1_g3-h1_g6-i1"
GL74,SS8_40,G56791GR,G49642ZT,G82204SH,"WURCS=2.0/3,9,8/[a1221m-1x_1-5][a2122h-1x_1-5_2*NCC/3=O][a1122h-1x_1-5]/1-1-2-2-3-3-3-3-3/a?|b?|c?|d?|e?|f?|g?|h?|i?}-{a?|b?|c?|d?|e?|f?|g?|h?|i?_a?|b?|c?|d?|e?|f?|g?|h?|i?}-{a?|b?|c?|d?|e?|f?|g?|h?|i?_a?|b?|c?|d?|e?|f?|g?|h?|i?}-{a?|b?|c?|d?|e?|f?|g?|h?|i?_a?|b?|c?|d?|e?|f?|g?|h?|i?}-{a?|b?|c?|d?|e?|f?|g?|h?|i?_a?|b?|c?|d?|e?|f?|g?|h?|i?}-{a?|b?|c?|d?|e?|f?|g?|h?|i?_a?|b?|c?|d?|e?|f?|g?|h?|i?}-{a?|b?|c?|d?|e?|f?|g?|h?|i?_a?|b?|c?|d?|e?|f?|g?|h?|i?}-{a?|b?|c?|d?|e?|f?|g?|h?|i?_a?|b?|c?|d?|e?|f?|g?|h?|i?}-{a?|b?|c?|d?|e?|f?|g?|h?|i?","WURCS=2.0/3,9,8/[a2122h-1x_1-5_2*NCC/3=O][a1122h-1x_1-5][a1221m-1x_1-5]/1-1-2-2-2-2-2-3-3/a?-b1_a?-h1_a?-i1_b?-c1_c?-d1_c?-g1_d?-e1_d?-f1","WURCS=2.0/4,9,8/[a2122h-1b_1-5_2*NCC/3=O][a1221m-1a_1-5][a1122h-1b_1-5][a1122h-1a_1-5]/1-2-1-3-4-4-4-4-2/a3-b1_a4-c1_a6-i1_c4-d1_d3-e1_d6-f1_f3-g1_f6-h1",×,"WURCS=2.0/4,9,8/[a2122h-1b_1-5_2*NCC/3=O][a1221m-1a_1-5][a1122h-1b_1-5][a1122h-1a_1-5]/1-2-1-3-4-4-4-4-2/a3-b1_a4-c1_a6-i1_c4-d1_d3-e1_d6-f1_f3-g1_f6-h1"
GL75,SS8_41,G35362SC,G58553ZP,G11460AB,"WURCS=2.0/3,7,6/[a1221m-1x_1-5][a2122h-1x_1-5_2*NCC/3=O][a1122h-1x_1-5]/1-1-2-2-3-3-3/a?|b?|c?|d?|e?|f?|g?}-{a?|b?|c?|d?|e?|f?|g?_a?|b?|c?|d?|e?|f?|g?}-{a?|b?|c?|d?|e?|f?|g?_a?|b?|c?|d?|e?|f?|g?}-{a?|b?|c?|d?|e?|f?|g?_a?|b?|c?|d?|e?|f?|g?}-{a?|b?|c?|d?|e?|f?|g?_a?|b?|c?|d?|e?|f?|g?}-{a?|b?|c?|d?|e?|f?|g?_a?|b?|c?|d?|e?|f?|g?}-{a?|b?|c?|d?|e?|f?|g?","WURCS=2.0/3,7,6/[a2122h-1x_1-5_2*NCC/3=O][a1122h-1x_1-5][a1221m-1x_1-5]/1-1-2-2-2-3-3/a?-b1_a?-f1_a?-g1_b?-c1_c?-d1_c?-e1","WURCS=2.0/4,7,6/[a2122h-1b_1-5_2*NCC/3=O][a1221m-1a_1-5][a1122h-1b_1-5][a1122h-1a_1-5]/1-2-1-3-4-4-2/a3-b1_a4-c1_a6-g1_c4-d1_d3-e1_d6-f1",https://beta.glycosmos.org/glycans/mass/G58553ZP?minimum=true,
GL76,SS8_42,G76175HA,G74473JX,G42346AP,"WURCS=2.0/3,9,8/[a1221m-1x_1-5][a2122h-1x_1-5_2*NCC/3=O][a1122h-1x_1-5]/1-1-2-2-2-3-3-3-3/a?|b?|c?|d?|e?|f?|g?|h?|i?}-{a?|b?|c?|d?|e?|f?|g?|h?|i?_a?|b?|c?|d?|e?|f?|g?|h?|i?}-{a?|b?|c?|d?|e?|f?|g?|h?|i?_a?|b?|c?|d?|e?|f?|g?|h?|i?}-{a?|b?|c?|d?|e?|f?|g?|h?|i?_a?|b?|c?|d?|e?|f?|g?|h?|i?}-{a?|b?|c?|d?|e?|f?|g?|h?|i?_a?|b?|c?|d?|e?|f?|g?|h?|i?}-{a?|b?|c?|d?|e?|f?|g?|h?|i?_a?|b?|c?|d?|e?|f?|g?|h?|i?}-{a?|b?|c?|d?|e?|f?|g?|h?|i?_a?|b?|c?|d?|e?|f?|g?|h?|i?}-{a?|b?|c?|d?|e?|f?|g?|h?|i?_a?|b?|c?|d?|e?|f?|g?|h?|i?}-{a?|b?|c?|d?|e?|f?|g?|h?|i?","WURCS=2.0/3,9,8/[a2122h-1x_1-5_2*NCC/3=O][a1122h-1x_1-5][a1221m-1x_1-5]/1-1-2-2-1-2-2-3-3/a?-b1_a?-h1_a?-i1_b?-c1_c?-d1_c?-f1_d?-e1_f?-g1","WURCS=2.0/4,9,8/[a2122h-1b_1-5_2*NCC/3=O][a1221m-1a_1-5][a1122h-1b_1-5][a1122h-1a_1-5]/1-2-1-3-4-1-4-4-2/a3-b1_a4-c1_a6-i1_c4-d1_d3-e1_d6-g1_e2-f1_g6-h1",×,"WURCS=2.0/4,9,8/[a2122h-1b_1-5_2*NCC/3=O][a1221m-1a_1-5][a1122h-1b_1-5][a1122h-1a_1-5]/1-2-1-3-4-1-4-4-2/a3-b1_a4-c1_a6-i1_c4-d1_d3-e1_d6-g1_e2-f1_g6-h1"
GL77,SS8_43,G76175HA,G74473JX,G98068PA,,,"WURCS=2.0/4,9,8/[a2122h-1b_1-5_2*NCC/3=O][a1221m-1a_1-5][a1122h-1b_1-5][a1122h-1a_1-5]/1-2-1-3-4-1-4-4-2/a3-b1_a4-c1_a6-i1_c4-d1_d3-e1_d6-g1_e2-f1_g3-h1",×,"WURCS=2.0/4,9,8/[a2122h-1b_1-5_2*NCC/3=O][a1221m-1a_1-5][a1122h-1b_1-5][a1122h-1a_1-5]/1-2-1-3-4-1-4-4-2/a3-b1_a4-c1_a6-i1_c4-d1_d3-e1_d6-g1_e2-f1_g3-h1"
GL78,SS8_44,G81276VK,G05046OA,G24617OK,"WURCS=2.0/3,8,7/[a1221m-1x_1-5][a2122h-1x_1-5_2*NCC/3=O][a1122h-1x_1-5]/1-1-2-2-2-2-3-3/a?|b?|c?|d?|e?|f?|g?|h?}-{a?|b?|c?|d?|e?|f?|g?|h?_a?|b?|c?|d?|e?|f?|g?|h?}-{a?|b?|c?|d?|e?|f?|g?|h?_a?|b?|c?|d?|e?|f?|g?|h?}-{a?|b?|c?|d?|e?|f?|g?|h?_a?|b?|c?|d?|e?|f?|g?|h?}-{a?|b?|c?|d?|e?|f?|g?|h?_a?|b?|c?|d?|e?|f?|g?|h?}-{a?|b?|c?|d?|e?|f?|g?|h?_a?|b?|c?|d?|e?|f?|g?|h?}-{a?|b?|c?|d?|e?|f?|g?|h?_a?|b?|c?|d?|e?|f?|g?|h?}-{a?|b?|c?|d?|e?|f?|g?|h?","WURCS=2.0/3,8,7/[a2122h-1x_1-5_2*NCC/3=O][a1122h-1x_1-5][a1221m-1x_1-5]/1-1-2-2-1-1-3-3/a?-b1_a?-g1_a?-h1_b?-c1_c?-d1_d?-e1_d?-f1","WURCS=2.0/4,8,7/[a2122h-1b_1-5_2*NCC/3=O][a1221m-1a_1-5][a1122h-1b_1-5][a1122h-1a_1-5]/1-2-1-3-4-1-1-2/a3-b1_a4-c1_a6-h1_c4-d1_d3-e1_e2-f1_e4-g1",×,"WURCS=2.0/4,8,7/[a2122h-1b_1-5_2*NCC/3=O][a1221m-1a_1-5][a1122h-1b_1-5][a1122h-1a_1-5]/1-2-1-3-4-1-1-2/a3-b1_a4-c1_a6-h1_c4-d1_d3-e1_e2-f1_e4-g1"
GL79,SS8_45,G83455BB,G56611UT,G69912LP,"WURCS=2.0/3,9,8/[a1221m-1x_1-5][a2122h-1x_1-5_2*NCC/3=O][a1122h-1x_1-5]/1-1-2-2-2-2-3-3-3/a?|b?|c?|d?|e?|f?|g?|h?|i?}-{a?|b?|c?|d?|e?|f?|g?|h?|i?_a?|b?|c?|d?|e?|f?|g?|h?|i?}-{a?|b?|c?|d?|e?|f?|g?|h?|i?_a?|b?|c?|d?|e?|f?|g?|h?|i?}-{a?|b?|c?|d?|e?|f?|g?|h?|i?_a?|b?|c?|d?|e?|f?|g?|h?|i?}-{a?|b?|c?|d?|e?|f?|g?|h?|i?_a?|b?|c?|d?|e?|f?|g?|h?|i?}-{a?|b?|c?|d?|e?|f?|g?|h?|i?_a?|b?|c?|d?|e?|f?|g?|h?|i?}-{a?|b?|c?|d?|e?|f?|g?|h?|i?_a?|b?|c?|d?|e?|f?|g?|h?|i?}-{a?|b?|c?|d?|e?|f?|g?|h?|i?_a?|b?|c?|d?|e?|f?|g?|h?|i?}-{a?|b?|c?|d?|e?|f?|g?|h?|i?","WURCS=2.0/3,9,8/[a2122h-1x_1-5_2*NCC/3=O][a1122h-1x_1-5][a1221m-1x_1-5]/1-1-2-2-1-2-1-3-3/a?-b1_a?-h1_a?-i1_b?-c1_c?-d1_c?-f1_d?-e1_f?-g1","WURCS=2.0/4,9,8/[a2122h-1b_1-5_2*NCC/3=O][a1221m-1a_1-5][a1122h-1b_1-5][a1122h-1a_1-5]/1-2-1-3-4-1-4-1-2/a3-b1_a4-c1_a6-i1_c4-d1_d3-e1_d6-g1_e2-f1_g2-h1",https://beta.glycosmos.org/glycans/mass/G56611UT?minimum=true,
GL80,KB03_111,G07892IF,G71062UL,G37383BH,"WURCS=2.0/4,11,10/[a1221m-1x_1-5][a2122h-1x_1-5_2*NCC/3=O][a1122h-1x_1-5][a2112h-1x_1-5]/1-1-2-2-2-2-3-3-3-4-4/a?|b?|c?|d?|e?|f?|g?|h?|i?|j?|k?}-{a?|b?|c?|d?|e?|f?|g?|h?|i?|j?|k?_a?|b?|c?|d?|e?|f?|g?|h?|i?|j?|k?}-{a?|b?|c?|d?|e?|f?|g?|h?|i?|j?|k?_a?|b?|c?|d?|e?|f?|g?|h?|i?|j?|k?}-{a?|b?|c?|d?|e?|f?|g?|h?|i?|j?|k?_a?|b?|c?|d?|e?|f?|g?|h?|i?|j?|k?}-{a?|b?|c?|d?|e?|f?|g?|h?|i?|j?|k?_a?|b?|c?|d?|e?|f?|g?|h?|i?|j?|k?}-{a?|b?|c?|d?|e?|f?|g?|h?|i?|j?|k?_a?|b?|c?|d?|e?|f?|g?|h?|i?|j?|k?}-{a?|b?|c?|d?|e?|f?|g?|h?|i?|j?|k?_a?|b?|c?|d?|e?|f?|g?|h?|i?|j?|k?}-{a?|b?|c?|d?|e?|f?|g?|h?|i?|j?|k?_a?|b?|c?|d?|e?|f?|g?|h?|i?|j?|k?}-{a?|b?|c?|d?|e?|f?|g?|h?|i?|j?|k?_a?|b?|c?|d?|e?|f?|g?|h?|i?|j?|k?}-{a?|b?|c?|d?|e?|f?|g?|h?|i?|j?|k?_a?|b?|c?|d?|e?|f?|g?|h?|i?|j?|k?}-{a?|b?|c?|d?|e?|f?|g?|h?|i?|j?|k?","WURCS=2.0/4,11,10/[a2122h-1x_1-5_2*NCC/3=O][a1122h-1x_1-5][a2112h-1x_1-5][a1221m-1x_1-5]/1-1-2-2-1-3-2-1-3-4-4/a?-b1_a?-j1_a?-k1_b?-c1_c?-d1_c?-g1_d?-e1_e?-f1_g?-h1_h?-i1","WURCS=2.0/5,11,10/[a2122h-1b_1-5_2*NCC/3=O][a1221m-1a_1-5][a1122h-1b_1-5][a1122h-1a_1-5][a2112h-1b_1-5]/1-2-1-3-4-1-5-4-1-5-2/a3-b1_a4-c1_a6-k1_c4-d1_d3-e1_d6-h1_e2-f1_f4-g1_h2-i1_i4-j1",×,"WURCS=2.0/5,11,10/[a2122h-1b_1-5_2*NCC/3=O][a1221m-1a_1-5][a1122h-1b_1-5][a1122h-1a_1-5][a2112h-1b_1-5]/1-2-1-3-4-1-5-4-1-5-2/a3-b1_a4-c1_a6-k1_c4-d1_d3-e1_d6-h1_e2-f1_f4-g1_h2-i1_i4-j1"
GL81,BE2_19,G54064OC,G19234OH,G42666HT,"WURCS=2.0/1,2,1/[u2122h_2*NCC/3=O]/1-1/a?|b?}-{a?|b?","WURCS=2.0/1,2,1/[a2122h-1x_1-5_2*NCC/3=O]/1-1/a?-b1","WURCS=2.0/1,2,1/[a2122h-1b_1-5_2*NCC/3=O]/1-1/a4-b1",https://beta.glycosmos.org/glycans/mass/G19234OH?minimum=true,
GL82,KB03-113,G70580IS,G98842NM,G52880ZN,"WURCS=2.0/4,12,11/[a1221m-1x_1-5][a2122h-1x_1-5_2*NCC/3=O][a1122h-1x_1-5][a2112h-1x_1-5]/1-1-1-2-2-2-2-3-3-3-4-4/a?|b?|c?|d?|e?|f?|g?|h?|i?|j?|k?|l?}-{a?|b?|c?|d?|e?|f?|g?|h?|i?|j?|k?|l?_a?|b?|c?|d?|e?|f?|g?|h?|i?|j?|k?|l?}-{a?|b?|c?|d?|e?|f?|g?|h?|i?|j?|k?|l?_a?|b?|c?|d?|e?|f?|g?|h?|i?|j?|k?|l?}-{a?|b?|c?|d?|e?|f?|g?|h?|i?|j?|k?|l?_a?|b?|c?|d?|e?|f?|g?|h?|i?|j?|k?|l?}-{a?|b?|c?|d?|e?|f?|g?|h?|i?|j?|k?|l?_a?|b?|c?|d?|e?|f?|g?|h?|i?|j?|k?|l?}-{a?|b?|c?|d?|e?|f?|g?|h?|i?|j?|k?|l?_a?|b?|c?|d?|e?|f?|g?|h?|i?|j?|k?|l?}-{a?|b?|c?|d?|e?|f?|g?|h?|i?|j?|k?|l?_a?|b?|c?|d?|e?|f?|g?|h?|i?|j?|k?|l?}-{a?|b?|c?|d?|e?|f?|g?|h?|i?|j?|k?|l?_a?|b?|c?|d?|e?|f?|g?|h?|i?|j?|k?|l?}-{a?|b?|c?|d?|e?|f?|g?|h?|i?|j?|k?|l?_a?|b?|c?|d?|e?|f?|g?|h?|i?|j?|k?|l?}-{a?|b?|c?|d?|e?|f?|g?|h?|i?|j?|k?|l?_a?|b?|c?|d?|e?|f?|g?|h?|i?|j?|k?|l?}-{a?|b?|c?|d?|e?|f?|g?|h?|i?|j?|k?|l?_a?|b?|c?|d?|e?|f?|g?|h?|i?|j?|k?|l?}-{a?|b?|c?|d?|e?|f?|g?|h?|i?|j?|k?|l?","WURCS=2.0/4,12,11/[a2122h-1x_1-5_2*NCC/3=O][a1122h-1x_1-5][a1221m-1x_1-5][a2112h-1x_1-5]/1-1-2-2-1-3-4-2-1-3-4-3/a?-b1_a?-l1_b?-c1_c?-d1_c?-h1_d?-e1_e?-f1_e?-g1_h?-i1_i?-j1_i?-k1","WURCS=2.0/5,12,11/[a2122h-1b_1-5_2*NCC/3=O][a1122h-1b_1-5][a1122h-1a_1-5][a1221m-1a_1-5][a2112h-1b_1-5]/1-1-2-3-1-4-5-3-1-4-5-4/a4-b1_a6-l1_b4-c1_c3-d1_c6-h1_d2-e1_e3-f1_e4-g1_h2-i1_i3-j1_i4-k1",https://beta.glycosmos.org/glycans/mass/G98842NM?minimum=true,
GL83,SS8_53,G01252FH,G37417QX,G17390SF,"WURCS=2.0/3,5,4/[a1221m-1x_1-5][a2122h-1x_1-5_2*NCC/3=O][a1122h-1x_1-5]/1-2-2-3-3/a?|b?|c?|d?|e?}-{a?|b?|c?|d?|e?_a?|b?|c?|d?|e?}-{a?|b?|c?|d?|e?_a?|b?|c?|d?|e?}-{a?|b?|c?|d?|e?_a?|b?|c?|d?|e?}-{a?|b?|c?|d?|e?","WURCS=2.0/3,5,4/[a2122h-1x_1-5_2*NCC/3=O][a1122h-1x_1-5][a1221m-1x_1-5]/1-1-2-2-3/a?-b1_b?-c1_b?-e1_c?-d1","WURCS=2.0/4,5,4/[a2122h-1b_1-5_2*NCC/3=O][a1221m-1a_1-5][a1122h-1b_1-5][a1122h-1a_1-5]/1-1-2-3-4/a4-b1_b3-c1_b4-d1_d3-e1",×,"WURCS=2.0/4,5,4/[a2122h-1b_1-5_2*NCC/3=O][a1221m-1a_1-5][a1122h-1b_1-5][a1122h-1a_1-5]/1-1-2-3-4/a4-b1_b3-c1_b4-d1_d3-e1"
GL84,SS8_17,G86186NK,G71361YR,G17266GE,"WURCS=2.0/3,7,6/[a1221m-1x_1-5][a2122h-1x_1-5_2*NCC/3=O][a1122h-1x_1-5]/1-1-1-2-2-3-3/a?|b?|c?|d?|e?|f?|g?}-{a?|b?|c?|d?|e?|f?|g?_a?|b?|c?|d?|e?|f?|g?}-{a?|b?|c?|d?|e?|f?|g?_a?|b?|c?|d?|e?|f?|g?}-{a?|b?|c?|d?|e?|f?|g?_a?|b?|c?|d?|e?|f?|g?}-{a?|b?|c?|d?|e?|f?|g?_a?|b?|c?|d?|e?|f?|g?}-{a?|b?|c?|d?|e?|f?|g?_a?|b?|c?|d?|e?|f?|g?}-{a?|b?|c?|d?|e?|f?|g?","WURCS=2.0/3,7,6/[a2122h-1x_1-5_2*NCC/3=O][a1122h-1x_1-5][a1221m-1x_1-5]/1-1-2-2-3-3-3/a?-b1_a?-f1_a?-g1_b?-c1_b?-e1_c?-d1","WURCS=2.0/4,7,6/[a2122h-1b_1-5_2*NCC/3=O][a1221m-1a_1-5][a1122h-1b_1-5][a1122h-1a_1-5]/1-2-1-2-3-4-2/a3-b1_a4-c1_a6-g1_c3-d1_c4-e1_e3-f1",×,"WURCS=2.0/4,7,6/[a2122h-1b_1-5_2*NCC/3=O][a1221m-1a_1-5][a1122h-1b_1-5][a1122h-1a_1-5]/1-2-1-2-3-4-2/a3-b1_a4-c1_a6-g1_c3-d1_c4-e1_e3-f1"
GL85,SS7_114,G97767SG,G69846HL,G21675ZL,"WURCS=2.0/3,4,3/[a1221m-1x_1-5][a2122h-1x_1-5_2*NCC/3=O][a1122h-1x_1-5]/1-2-2-3/a?|b?|c?|d?}-{a?|b?|c?|d?_a?|b?|c?|d?}-{a?|b?|c?|d?_a?|b?|c?|d?}-{a?|b?|c?|d?","WURCS=2.0/3,4,3/[a2122h-1x_1-5_2*NCC/3=O][a1221m-1x_1-5][a1122h-1x_1-5]/1-1-2-3/a?-b1_b?-c1_b?-d1","WURCS=2.0/3,4,3/[a2122h-1b_1-5_2*NCC/3=O][a1221m-1a_1-5][a1122h-1b_1-5]/1-1-2-3/a4-b1_b3-c1_b4-d1",×,"WURCS=2.0/3,4,3/[a2122h-1b_1-5_2*NCC/3=O][a1221m-1a_1-5][a1122h-1b_1-5]/1-1-2-3/a4-b1_b3-c1_b4-d1"
GL86,SS8_47,G85314LV,G71870DD,G82096UQ,"WURCS=2.0/3,6,5/[a1221m-1x_1-5][a2122h-1x_1-5_2*NCC/3=O][a1122h-1x_1-5]/1-1-2-2-3-3/a?|b?|c?|d?|e?|f?}-{a?|b?|c?|d?|e?|f?_a?|b?|c?|d?|e?|f?}-{a?|b?|c?|d?|e?|f?_a?|b?|c?|d?|e?|f?}-{a?|b?|c?|d?|e?|f?_a?|b?|c?|d?|e?|f?}-{a?|b?|c?|d?|e?|f?_a?|b?|c?|d?|e?|f?}-{a?|b?|c?|d?|e?|f?","WURCS=2.0/3,6,5/[a2122h-1x_1-5_2*NCC/3=O][a1122h-1x_1-5][a1221m-1x_1-5]/1-1-2-2-3-3/a?-b1_a?-f1_b?-c1_b?-e1_c?-d1","WURCS=2.0/4,6,5/[a2122h-1b_1-5_2*NCC/3=O][a1221m-1a_1-5][a1122h-1b_1-5][a1122h-1a_1-5]/1-2-1-2-3-4/a3-b1_a4-c1_c3-d1_c4-e1_e3-f1",×,"WURCS=2.0/4,6,5/[a2122h-1b_1-5_2*NCC/3=O][a1221m-1a_1-5][a1122h-1b_1-5][a1122h-1a_1-5]/1-2-1-2-3-4/a3-b1_a4-c1_c3-d1_c4-e1_e3-f1"
GL87,SS8_14,G85314LV,G71870DD,G92823JK,"WURCS=2.0/3,6,5/[a1221m-1x_1-5][a2122h-1x_1-5_2*NCC/3=O][a1122h-1x_1-5]/1-1-2-2-3-3/a?|b?|c?|d?|e?|f?}-{a?|b?|c?|d?|e?|f?_a?|b?|c?|d?|e?|f?}-{a?|b?|c?|d?|e?|f?_a?|b?|c?|d?|e?|f?}-{a?|b?|c?|d?|e?|f?_a?|b?|c?|d?|e?|f?}-{a?|b?|c?|d?|e?|f?_a?|b?|c?|d?|e?|f?}-{a?|b?|c?|d?|e?|f?","WURCS=2.0/3,6,5/[a2122h-1x_1-5_2*NCC/3=O][a1122h-1x_1-5][a1221m-1x_1-5]/1-1-2-2-3-3/a?-b1_a?-f1_b?-c1_b?-e1_c?-d1","WURCS=2.0/4,6,5/[a2122h-1b_1-5_2*NCC/3=O][a1221m-1a_1-5][a1122h-1b_1-5][a1122h-1a_1-5]/1-1-2-3-4-2/a4-b1_a6-f1_b3-c1_b4-d1_d3-e1",×,"WURCS=2.0/4,6,5/[a2122h-1b_1-5_2*NCC/3=O][a1221m-1a_1-5][a1122h-1b_1-5][a1122h-1a_1-5]/1-1-2-3-4-2/a4-b1_a6-f1_b3-c1_b4-d1_d3-e1"
GL88,SS8_13,G97175BL,G66992EJ,G02557XE,"WURCS=2.0/3,7,6/[a1221m-1x_1-5][a2122h-1x_1-5_2*NCC/3=O][a1122h-1x_1-5]/1-1-2-2-2-3-3/a?|b?|c?|d?|e?|f?|g?}-{a?|b?|c?|d?|e?|f?|g?_a?|b?|c?|d?|e?|f?|g?}-{a?|b?|c?|d?|e?|f?|g?_a?|b?|c?|d?|e?|f?|g?}-{a?|b?|c?|d?|e?|f?|g?_a?|b?|c?|d?|e?|f?|g?}-{a?|b?|c?|d?|e?|f?|g?_a?|b?|c?|d?|e?|f?|g?}-{a?|b?|c?|d?|e?|f?|g?_a?|b?|c?|d?|e?|f?|g?}-{a?|b?|c?|d?|e?|f?|g?","WURCS=2.0/3,7,6/[a2122h-1x_1-5_2*NCC/3=O][a1122h-1x_1-5][a1221m-1x_1-5]/1-1-2-2-1-3-3/a?-b1_a?-g1_b?-c1_b?-f1_c?-d1_d?-e1","WURCS=2.0/4,7,6/[a2122h-1b_1-5_2*NCC/3=O][a1221m-1a_1-5][a1122h-1b_1-5][a1122h-1a_1-5]/1-1-2-3-4-1-2/a4-b1_a6-g1_b3-c1_b4-d1_d3-e1_e2-f1",×,"WURCS=2.0/4,7,6/[a2122h-1b_1-5_2*NCC/3=O][a1221m-1a_1-5][a1122h-1b_1-5][a1122h-1a_1-5]/1-1-2-3-4-1-2/a4-b1_a6-g1_b3-c1_b4-d1_d3-e1_e2-f1"
GL89,SS7_72,G89752BK,G12750SG,G00054MO,"WURCS=2.0/4,4,3/[Aad21122h-2x_2-6_5*NCC/3=O][a1221m-1x_1-5][a2122h-1x_1-5_2*NCC/3=O][a2112h-1x_1-5]/1-2-3-4/a?|b?|c?|d?}-{a?|b?|c?|d?_a?|b?|c?|d?}-{a?|b?|c?|d?_a?|b?|c?|d?}-{a?|b?|c?|d?","WURCS=2.0/4,4,3/[a2122h-1x_1-5_2*NCC/3=O][a2112h-1x_1-5][Aad21122h-2x_2-6_5*NCC/3=O][a1221m-1x_1-5]/1-2-3-4/a?-b1_a?-d1_b?-c2","WURCS=2.0/4,4,3/[a2122h-1b_1-5_2*NCC/3=O][a1221m-1a_1-5][a2112h-1b_1-5][Aad21122h-2a_2-6_5*NCC/3=O]/1-2-3-4/a3-b1_a4-c1_c3-d2",https://beta.glycosmos.org/glycans/mass/G12750SG?minimum=true,
GL90,SS8_28,G01252FH,G19483CU,G17689EW,"WURCS=2.0/3,5,4/[a1221m-1x_1-5][a2122h-1x_1-5_2*NCC/3=O][a1122h-1x_1-5]/1-2-2-3-3/a?|b?|c?|d?|e?}-{a?|b?|c?|d?|e?_a?|b?|c?|d?|e?}-{a?|b?|c?|d?|e?_a?|b?|c?|d?|e?}-{a?|b?|c?|d?|e?_a?|b?|c?|d?|e?}-{a?|b?|c?|d?|e?","WURCS=2.0/3,5,4/[a2122h-1x_1-5_2*NCC/3=O][a1122h-1x_1-5][a1221m-1x_1-5]/1-1-2-2-3/a?-b1_a?-e1_b?-c1_c?-d1","WURCS=2.0/4,5,4/[a2122h-1b_1-5_2*NCC/3=O][a1221m-1a_1-5][a1122h-1b_1-5][a1122h-1a_1-5]/1-2-1-3-4/a3-b1_a4-c1_c4-d1_d3-e1",https://beta.glycosmos.org/glycans/mass/G19483CU?minimum=true,"WURCS=2.0/4,5,4/[a2122h-1b_1-5_2*NCC/3=O][a1221m-1a_1-5][a1122h-1b_1-5][a1122h-1a_1-5]/1-2-1-3-4/a3-b1_a4-c1_c4-d1_d3-e1"
GL91,SS7_12,G42002YY,G22725MK,G00051MO,"WURCS=2.0/3,3,2/[a1221m-1x_1-5][a2122h-1x_1-5_2*NCC/3=O][a2112h-1x_1-5]/1-2-3/a?|b?|c?}-{a?|b?|c?_a?|b?|c?}-{a?|b?|c?","WURCS=2.0/3,3,2/[a2122h-1x_1-5_2*NCC/3=O][a1221m-1x_1-5][a2112h-1x_1-5]/1-2-3/a?-b1_a?-c1","WURCS=2.0/3,3,2/[a2122h-1b_1-5_2*NCC/3=O][a1221m-1a_1-5][a2112h-1b_1-5]/1-2-3/a3-b1_a4-c1",https://beta.glycosmos.org/glycans/mass/G22725MK?minimum=true,
GL92,SS8_48,G07892IF,G80542LG,G25407RZ,"WURCS=2.0/4,11,10/[a1221m-1x_1-5][a2122h-1x_1-5_2*NCC/3=O][a1122h-1x_1-5][a2112h-1x_1-5]/1-1-2-2-2-2-3-3-3-4-4/a?|b?|c?|d?|e?|f?|g?|h?|i?|j?|k?}-{a?|b?|c?|d?|e?|f?|g?|h?|i?|j?|k?_a?|b?|c?|d?|e?|f?|g?|h?|i?|j?|k?}-{a?|b?|c?|d?|e?|f?|g?|h?|i?|j?|k?_a?|b?|c?|d?|e?|f?|g?|h?|i?|j?|k?}-{a?|b?|c?|d?|e?|f?|g?|h?|i?|j?|k?_a?|b?|c?|d?|e?|f?|g?|h?|i?|j?|k?}-{a?|b?|c?|d?|e?|f?|g?|h?|i?|j?|k?_a?|b?|c?|d?|e?|f?|g?|h?|i?|j?|k?}-{a?|b?|c?|d?|e?|f?|g?|h?|i?|j?|k?_a?|b?|c?|d?|e?|f?|g?|h?|i?|j?|k?}-{a?|b?|c?|d?|e?|f?|g?|h?|i?|j?|k?_a?|b?|c?|d?|e?|f?|g?|h?|i?|j?|k?}-{a?|b?|c?|d?|e?|f?|g?|h?|i?|j?|k?_a?|b?|c?|d?|e?|f?|g?|h?|i?|j?|k?}-{a?|b?|c?|d?|e?|f?|g?|h?|i?|j?|k?_a?|b?|c?|d?|e?|f?|g?|h?|i?|j?|k?}-{a?|b?|c?|d?|e?|f?|g?|h?|i?|j?|k?_a?|b?|c?|d?|e?|f?|g?|h?|i?|j?|k?}-{a?|b?|c?|d?|e?|f?|g?|h?|i?|j?|k?","WURCS=2.0/4,11,10/[a2122h-1x_1-5_2*NCC/3=O][a1122h-1x_1-5][a1221m-1x_1-5][a2112h-1x_1-5]/1-1-2-2-1-3-4-2-1-3-4/a?-b1_b?-c1_c?-d1_c?-h1_d?-e1_e?-f1_e?-g1_h?-i1_i?-j1_i?-k1","WURCS=2.0/5,11,10/[a2122h-1b_1-5_2*NCC/3=O][a1122h-1b_1-5][a1122h-1a_1-5][a1221m-1a_1-5][a2112h-1b_1-5]/1-1-2-3-1-4-5-3-1-4-5/a4-b1_b4-c1_c3-d1_c6-h1_d2-e1_e3-f1_e4-g1_h2-i1_i3-j1_i4-k1",https://beta.glycosmos.org/glycans/mass/G80542LG?minimum=true,
GL93,SS7_46,G63734TZ,G31801IX,G00057MO,"WURCS=2.0/2,2,1/[a2122h-1x_1-5_2*NCC/3=O][a2112h-1x_1-5_2*NCC/3=O]/1-2/a?|b?}-{a?|b?","WURCS=2.0/2,2,1/[a2122h-1x_1-5_2*NCC/3=O][a2112h-1x_1-5_2*NCC/3=O]/1-2/a?-b1","WURCS=2.0/2,2,1/[a2122h-1b_1-5_2*NCC/3=O][a2112h-1b_1-5_2*NCC/3=O]/1-2/a4-b1",https://beta.glycosmos.org/glycans/mass/G31801IX?minimum=true,
GL94,SS7_49,G11582LU,G91358XO,G96865DJ,"WURCS=2.0/3,3,2/[a1221m-1x_1-5][a2122h-1x_1-5_2*NCC/3=O][a2112h-1x_1-5_2*NCC/3=O]/1-2-3/a?|b?|c?}-{a?|b?|c?_a?|b?|c?}-{a?|b?|c?","WURCS=2.0/3,3,2/[a2122h-1x_1-5_2*NCC/3=O][a1221m-1x_1-5][a2112h-1x_1-5_2*NCC/3=O]/1-2-3/a?-b1_a?-c1","WURCS=2.0/3,3,2/[a2122h-1b_1-5_2*NCC/3=O][a1221m-1a_1-5][a2112h-1b_1-5_2*NCC/3=O]/1-2-3/a3-b1_a4-c1",https://beta.glycosmos.org/glycans/mass/G91358XO?minimum=true,
GL95,SS7_64,G43850JD,G64581RP,G49108TO,"WURCS=2.0/2,2,1/[a2122h-1x_1-5][a2112h-1x_1-5]/1-2/a?|b?}-{a?|b?","WURCS=2.0/1,1,0/[a2122h-1x_1-5_2*NCC/3=O]/1/","WURCS=2.0/1,1,0/[a2122h-1b_1-5_2*NCC/3=O]/1/",,
GL96,BE2_13,G29637GQ,G67485DR,G47362BJ,"WURCS=2.0/1,3,2/[u2122h_2*NCC/3=O]/1-1-1/a?|b?|c?}-{a?|b?|c?_a?|b?|c?}-{a?|b?|c?","WURCS=2.0/1,3,2/[a2122h-1x_1-5_2*NCC/3=O]/1-1-1/a?-b1_b?-c1","WURCS=2.0/1,3,2/[a2122h-1b_1-5_2*NCC/3=O]/1-1-1/a4-b1_b4-c1",https://beta.glycosmos.org/glycans/mass/G67485DR?minimum=true,
GL97,GG3,G53029ES,G94374CC,G90562PB,"WURCS=2.0/3,3,2/[a2122h-1x_1-5][a2112h-1x_1-5_2*NCC/3=O][a2112h-1x_1-5]/1-2-3/a?|b?|c?}-{a?|b?|c?_a?|b?|c?}-{a?|b?|c?","WURCS=2.0/3,3,2/[a2122h-1x_1-5][a2112h-1x_1-5][a2112h-1x_1-5_2*NCC/3=O]/1-2-3/a?-b1_b?-c1","WURCS=2.0/3,3,2/[a2122h-1b_1-5][a2112h-1b_1-5][a2112h-1b_1-5_2*NCC/3=O]/1-2-3/a4-b1_b4-c1",https://beta.glycosmos.org/glycans/mass/G94374CC?minimum=true,
GL98,lactose,G43850JD,G64014BL,G84224TW,"WURCS=2.0/2,2,1/[a2122h-1x_1-5][a2112h-1x_1-5]/1-2/a?|b?}-{a?|b?","WURCS=2.0/2,2,1/[a2122h-1x_1-5][a2112h-1x_1-5]/1-2/a?-b1","WURCS=2.0/2,2,1/[a2122h-1b_1-5][a2112h-1b_1-5]/1-2/a4-b1",https://beta.glycosmos.org/glycans/mass/G64014BL?minimum=true,
GL99,man3,G39466FU,G27838JR,G25559RS,"WURCS=2.0/1,3,2/[u1122h]/1-1-1/a?|b?|c?}-{a?|b?|c?_a?|b?|c?}-{a?|b?|c?","WURCS=2.0/1,3,2/[a1122h-1x_1-5]/1-1-1/a?-b1_b?-c1","WURCS=2.0/1,3,2/[a1122h-1a_1-5]/1-1-1/a2-b1_b2-c1",https://beta.glycosmos.org/glycans/mass/G27838JR?minimum=true,
GL100,xylose,G53308XG,G53308XG,G16579HJ,"WURCS=2.0/1,1,0/[a212h-1x_1-5]/1/","WURCS=2.0/1,1,0/[a212h-1x_1-5]/1/","WURCS=2.0/1,1,0/[a212h-1b_1-5]/1/",,
GL101,glucose,G15021LG,G15021LG,G71142DF,"WURCS=2.0/1,1,0/[a2122h-1x_1-5]/1/","WURCS=2.0/1,1,0/[a2122h-1x_1-5]/1/","WURCS=2.0/1,1,0/[a2122h-1b_1-5]/1/",,
GL102,23,G68158BT,G68158BT,G65889KE,"WURCS=2.0/1,1,0/[a2112h-1x_1-5]/1/","WURCS=2.0/1,1,0/[a2112h-1x_1-5]/1/","WURCS=2.0/1,1,0/[a2112h-1b_1-5]/1/",,
GL103,27,G82576YO,G82576YO,G96881BQ,"WURCS=2.0/1,1,0/[a1221m-1x_1-5]/1/","WURCS=2.0/1,1,0/[a1221m-1x_1-5]/1/","WURCS=2.0/1,1,0/[a1221m-1a_1-5]/1/",,
GL104,53,G29722DL,G67200RM,G76355TG,"WURCS=2.0/2,2,1/[a2112h-1x_1-5_2*NCC/3=O][a2112h-1x_1-5]/1-2/a?|b?}-{a?|b?","WURCS=2.0/2,2,1/[a2112h-1x_1-5_2*NCC/3=O][a2112h-1x_1-5]/1-2/a?-b1","WURCS=2.0/2,2,1/[a2112h-1a_1-5_2*NCC/3=O][a2112h-1a_1-5]/1-2/a3-b1",https://beta.glycosmos.org/glycans/mass/G67200RM?minimum=true,
GL105,55,G90960QG,G53230PK,G48898TH,"WURCS=2.0/1,2,1/[u2112h]/1-1/a?|b?}-{a?|b?","WURCS=2.0/1,2,1/[a2112h-1x_1-5]/1-1/a?-b1","WURCS=2.0/2,2,1/[a2112h-1b_1-5][a2112h-1a_1-5]/1-2/a2-b1",https://beta.glycosmos.org/glycans/mass/G53230PK?minimum=true,
GL106,88,G90960QG,G53230PK,G24432YB,,,"WURCS=2.0/2,2,1/[a2112h-1b_1-5][a2112h-1a_1-5]/1-2/a3-b1",,
GL107,91,G29519HZ,G44794CK,G00068MO,"WURCS=2.0/2,2,1/[a1221m-1x_1-5][a2112h-1x_1-5]/1-2/a?|b?}-{a?|b?","WURCS=2.0/2,2,1/[a2112h-1x_1-5][a1221m-1x_1-5]/1-2/a?-b1","WURCS=2.0/2,2,1/[a2112h-1b_1-5][a1221m-1a_1-5]/1-2/a2-b1",https://beta.glycosmos.org/glycans/mass/G44794CK?minimum=true,
GL108,49,G31982IL,G39631KX,G80587NA,"WURCS=2.0/2,2,1/[a1221m-1x_1-5][a2122h-1x_1-5_2*NCC/3=O]/1-2/a?|b?}-{a?|b?","WURCS=2.0/2,2,1/[a2122h-1x_1-5_2*NCC/3=O][a1221m-1x_1-5]/1-2/a?-b1","WURCS=2.0/2,2,1/[a2122h-1b_1-5_2*NCC/3=O][a1221m-1a_1-5]/1-2/a3-b1",https://beta.glycosmos.org/glycans/mass/G39631KX?minimum=true,
GL109,50,G31982IL,G39631KX,G35446HX,,"WURCS=2.0/2,2,1/[a2122h-1x_1-5_2*NCC/3=O][a1221m-1x_1-5]/1-2/a?-b1","WURCS=2.0/2,2,1/[a2122h-1b_1-5_2*NCC/3=O][a1221m-1a_1-5]/1-2/a4-b1",,
GL110,10a,G85678JC,G78242EN,G78074HX,"WURCS=2.0/2,3,2/[a2122h-1x_1-5][a2112h-1x_1-5]/1-2-2/a?|b?|c?}-{a?|b?|c?_a?|b?|c?}-{a?|b?|c?","WURCS=2.0/2,3,2/[a2122h-1x_1-5][a2112h-1x_1-5]/1-2-2/a?-b1_b?-c1","WURCS=2.0/3,3,2/[a2122h-1b_1-5][a2112h-1b_1-5][a2112h-1a_1-5]/1-2-3/a4-b1_b3-c1",https://beta.glycosmos.org/glycans/mass/G78242EN?minimum=true,
GL111,70,G10663NS,G24735SG,G03499BP,"WURCS=2.0/2,3,2/[a2122h-1x_1-5_2*NCC/3=O][a2112h-1x_1-5]/1-2-2/a?|b?|c?}-{a?|b?|c?_a?|b?|c?}-{a?|b?|c?","WURCS=2.0/2,3,2/[a2122h-1x_1-5_2*NCC/3=O][a2112h-1x_1-5]/1-2-2/a?-b1_b?-c1","WURCS=2.0/3,3,2/[a2122h-1b_1-5_2*NCC/3=O][a2112h-1b_1-5][a2112h-1a_1-5]/1-2-3/a4-b1_b3-c1",https://beta.glycosmos.org/glycans/mass/G24735SG?minimum=true,
GL112,42H1,G42002YY,G98013XS,G40696TO,"WURCS=2.0/3,3,2/[a1221m-1x_1-5][a2122h-1x_1-5_2*NCC/3=O][a2112h-1x_1-5]/1-2-3/a?|b?|c?}-{a?|b?|c?_a?|b?|c?}-{a?|b?|c?","WURCS=2.0/3,3,2/[a2122h-1x_1-5_2*NCC/3=O][a2112h-1x_1-5][a1221m-1x_1-5]/1-2-3/a?-b1_b?-c1","WURCS=2.0/3,3,2/[a2122h-1b_1-5_2*NCC/3=O][a2112h-1b_1-5][a1221m-1a_1-5]/1-2-3/a3-b1_b2-c1",https://beta.glycosmos.org/glycans/mass/G98013XS?minimum=true,
GL113,59H3,G24462BR,G13523IF,G94435QH,"WURCS=2.0/3,3,2/[a1221m-1x_1-5][a2112h-1x_1-5_2*NCC/3=O][a2112h-1x_1-5]/1-2-3/a?|b?|c?}-{a?|b?|c?_a?|b?|c?}-{a?|b?|c?","WURCS=2.0/3,3,2/[a2112h-1x_1-5_2*NCC/3=O][a2112h-1x_1-5][a1221m-1x_1-5]/1-2-3/a?-b1_b?-c1","WURCS=2.0/3,3,2/[a2112h-1a_1-5_2*NCC/3=O][a2112h-1b_1-5][a1221m-1a_1-5]/1-2-3/a3-b1_b2-c1",,
GL114,940H6,G22653EE,G40539WX,G61399NC,"WURCS=2.0/3,3,2/[a1221m-1x_1-5][a2122h-1x_1-5][a2112h-1x_1-5]/1-2-3/a?|b?|c?}-{a?|b?|c?_a?|b?|c?}-{a?|b?|c?","WURCS=2.0/3,3,2/[a2122h-1x_1-5][a2112h-1x_1-5][a1221m-1x_1-5]/1-2-3/a?-b1_b?-c1","WURCS=2.0/3,3,2/[a2122h-1b_1-5][a2112h-1b_1-5][a1221m-1a_1-5]/1-2-3/a4-b1_b2-c1",https://beta.glycosmos.org/glycans/mass/G40539WX?minimum=true,
GL115,40Lea,G42002YY,G22725MK,G39023AU,"WURCS=2.0/3,3,2/[a1221m-1x_1-5][a2122h-1x_1-5_2*NCC/3=O][a2112h-1x_1-5]/1-2-3/a?|b?|c?}-{a?|b?|c?_a?|b?|c?}-{a?|b?|c?","WURCS=2.0/3,3,2/[a2122h-1x_1-5_2*NCC/3=O][a1221m-1x_1-5][a2112h-1x_1-5]/1-2-3/a?-b1_a?-c1","WURCS=2.0/3,3,2/[a2122h-1b_1-5_2*NCC/3=O][a2112h-1b_1-5][a1221m-1a_1-5]/1-2-3/a3-b1_a4-c1",https://beta.glycosmos.org/glycans/mass/G22725MK?minimum=true,
GL116,85Atri,G24462BR,G11863LK,G00066MO,"WURCS=2.0/3,3,2/[a1221m-1x_1-5][a2112h-1x_1-5_2*NCC/3=O][a2112h-1x_1-5]/1-2-3/a?|b?|c?}-{a?|b?|c?_a?|b?|c?}-{a?|b?|c?","WURCS=2.0/3,3,2/[a2112h-1x_1-5][a1221m-1x_1-5][a2112h-1x_1-5_2*NCC/3=O]/1-2-3/a?-b1_a?-c1","WURCS=2.0/3,3,2/[a2112h-1b_1-5][a1221m-1a_1-5][a2112h-1a_1-5_2*NCC/3=O]/1-2-3/a2-b1_a3-c1",https://beta.glycosmos.org/glycans/mass/G11863LK?minimum=true,
GL117,86Btri,G74791ET,G49295JM,G47548GA,"WURCS=2.0/2,3,2/[a1221m-1x_1-5][a2112h-1x_1-5]/1-2-2/a?|b?|c?}-{a?|b?|c?_a?|b?|c?}-{a?|b?|c?","WURCS=2.0/2,3,2/[a2112h-1x_1-5][a1221m-1x_1-5]/1-2-1/a?-b1_a?-c1","WURCS=2.0/3,3,2/[a2112h-1b_1-5][a1221m-1a_1-5][a2112h-1a_1-5]/1-2-3/a2-b1_a3-c1",https://beta.glycosmos.org/glycans/mass/G49295JM?minimum=true,
GL118,60,G22713NX,G19024QK,G91237TK,"WURCS=2.0/3,3,2/[Aad21122h-2x_2-6_5*NCC/3=O][a2122h-1x_1-5][a2112h-1x_1-5]/1-2-3/a?|b?|c?}-{a?|b?|c?_a?|b?|c?}-{a?|b?|c?","WURCS=2.0/3,3,2/[a2122h-1x_1-5][a2112h-1x_1-5][Aad21122h-2x_2-6_5*NCC/3=O]/1-2-3/a?-b1_b?-c2","WURCS=2.0/3,3,2/[a2122h-1b_1-5][a2112h-1b_1-5][Aad21122h-2a_2-6_5*NCC/3=O]/1-2-3/a4-b1_b3-c2",https://beta.glycosmos.org/glycans/mass/G19024QK?minimum=true,
GL119,36,G71885HV,G90852NI,G00065MO,"WURCS=2.0/3,3,2/[Aad21122h-2x_2-6_5*NCC/3=O][a2122h-1x_1-5_2*NCC/3=O][a2112h-1x_1-5]/1-2-3/a?|b?|c?}-{a?|b?|c?_a?|b?|c?}-{a?|b?|c?","WURCS=2.0/3,3,2/[a2122h-1x_1-5_2*NCC/3=O][a2112h-1x_1-5][Aad21122h-2x_2-6_5*NCC/3=O]/1-2-3/a?-b1_b?-c2","WURCS=2.0/3,3,2/[a2122h-1b_1-5_2*NCC/3=O][a2112h-1b_1-5][Aad21122h-2a_2-6_5*NCC/3=O]/1-2-3/a4-b1_b3-c2",https://beta.glycosmos.org/glycans/mass/G90852NI?minimum=true,
GL120,63a,G22713NX,G19024QK,G28868ZC,"WURCS=2.0/3,3,2/[Aad21122h-2x_2-6_5*NCC/3=O][a2122h-1x_1-5][a2112h-1x_1-5]/1-2-3/a?|b?|c?}-{a?|b?|c?_a?|b?|c?}-{a?|b?|c?","WURCS=2.0/3,3,2/[a2122h-1x_1-5][a2112h-1x_1-5][Aad21122h-2x_2-6_5*NCC/3=O]/1-2-3/a?-b1_b?-c2","WURCS=2.0/3,3,2/[a2122h-1b_1-5][a2112h-1b_1-5][Aad21122h-2a_2-6_5*NCC/3=O]/1-2-3/a4-b1_b6-c2",https://beta.glycosmos.org/glycans/mass/G19024QK?minimum=true,
GL121,41Leb,G35481DG,G27653YS,G00048MO,"WURCS=2.0/3,4,3/[a1221m-1x_1-5][a2122h-1x_1-5_2*NCC/3=O][a2112h-1x_1-5]/1-1-2-3/a?|b?|c?|d?}-{a?|b?|c?|d?_a?|b?|c?|d?}-{a?|b?|c?|d?_a?|b?|c?|d?}-{a?|b?|c?|d?","WURCS=2.0/3,4,3/[a2122h-1x_1-5_2*NCC/3=O][a2112h-1x_1-5][a1221m-1x_1-5]/1-2-3-3/a?-b1_a?-d1_b?-c1","WURCS=2.0/3,4,3/[a2122h-1b_1-5_2*NCC/3=O][a2112h-1b_1-5][a1221m-1a_1-5]/1-2-3-3/a3-b1_a4-d1_b2-c1",https://beta.glycosmos.org/glycans/mass/G27653YS?minimum=true,
GL122,45Ley,G35481DG,G27653YS,G00052MO,,"WURCS=2.0/3,4,3/[a2122h-1x_1-5_2*NCC/3=O][a2112h-1x_1-5][a1221m-1x_1-5]/1-2-3-3/a?-b1_a?-d1_b?-c1","WURCS=2.0/3,4,3/[a2122h-1b_1-5_2*NCC/3=O][a1221m-1a_1-5][a2112h-1b_1-5]/1-2-3-2/a3-b1_a4-c1_c2-d1",https://beta.glycosmos.org/glycans/mass/G27653YS?minimum=true,
GL123,SiaLea,G89752BK,G12750SG,G00053MO,"WURCS=2.0/4,4,3/[Aad21122h-2x_2-6_5*NCC/3=O][a1221m-1x_1-5][a2122h-1x_1-5_2*NCC/3=O][a2112h-1x_1-5]/1-2-3-4/a?|b?|c?|d?}-{a?|b?|c?|d?_a?|b?|c?|d?}-{a?|b?|c?|d?_a?|b?|c?|d?}-{a?|b?|c?|d?","WURCS=2.0/4,4,3/[a2122h-1x_1-5_2*NCC/3=O][a2112h-1x_1-5][Aad21122h-2x_2-6_5*NCC/3=O][a1221m-1x_1-5]/1-2-3-4/a?-b1_a?-d1_b?-c2","WURCS=2.0/4,4,3/[a2122h-1b_1-5_2*NCC/3=O][a2112h-1b_1-5][Aad21122h-2a_2-6_5*NCC/3=O][a1221m-1a_1-5]/1-2-3-4/a3-b1_a4-d1_b3-c2",https://beta.glycosmos.org/glycans/mass/G12750SG?minimum=true,
GL124,725,G84815QP,G03838OG,G21290RB,"WURCS=2.0/2,3,2/[a1221m-1x_1-5][a2122h-1x_1-5_2*NCC/3=O]/1-2-2/a?|b?|c?}-{a?|b?|c?_a?|b?|c?}-{a?|b?|c?","WURCS=2.0/2,3,2/[a2122h-1x_1-5_2*NCC/3=O][a1221m-1x_1-5]/1-2-1/a?-b1_a?-c1","WURCS=2.0/2,3,2/[a2122h-1b_1-5_2*NCC/3=O][a1221m-1a_1-5]/1-1-2/a4-b1_a6-c1",https://beta.glycosmos.org/glycans/mass/G03838OG?minimum=true,
GL125,BE6_60,G62406GO,G21212XH,G86566MF,"WURCS=2.0/4,11,10/[a1221m-1x_1-5][a2122h-1x_1-5_2*NCC/3=O][a1122h-1x_1-5][a2112h-1x_1-5_2*NCC/3=O]/1-1-2-2-2-2-3-3-3-4-4/a?|b?|c?|d?|e?|f?|g?|h?|i?|j?|k?}-{a?|b?|c?|d?|e?|f?|g?|h?|i?|j?|k?_a?|b?|c?|d?|e?|f?|g?|h?|i?|j?|k?}-{a?|b?|c?|d?|e?|f?|g?|h?|i?|j?|k?_a?|b?|c?|d?|e?|f?|g?|h?|i?|j?|k?}-{a?|b?|c?|d?|e?|f?|g?|h?|i?|j?|k?_a?|b?|c?|d?|e?|f?|g?|h?|i?|j?|k?}-{a?|b?|c?|d?|e?|f?|g?|h?|i?|j?|k?_a?|b?|c?|d?|e?|f?|g?|h?|i?|j?|k?}-{a?|b?|c?|d?|e?|f?|g?|h?|i?|j?|k?_a?|b?|c?|d?|e?|f?|g?|h?|i?|j?|k?}-{a?|b?|c?|d?|e?|f?|g?|h?|i?|j?|k?_a?|b?|c?|d?|e?|f?|g?|h?|i?|j?|k?}-{a?|b?|c?|d?|e?|f?|g?|h?|i?|j?|k?_a?|b?|c?|d?|e?|f?|g?|h?|i?|j?|k?}-{a?|b?|c?|d?|e?|f?|g?|h?|i?|j?|k?_a?|b?|c?|d?|e?|f?|g?|h?|i?|j?|k?}-{a?|b?|c?|d?|e?|f?|g?|h?|i?|j?|k?_a?|b?|c?|d?|e?|f?|g?|h?|i?|j?|k?}-{a?|b?|c?|d?|e?|f?|g?|h?|i?|j?|k?","WURCS=2.0/4,11,10/[a2122h-1x_1-5_2*NCC/3=O][a1122h-1x_1-5][a1221m-1x_1-5][a2112h-1x_1-5_2*NCC/3=O]/1-1-2-2-1-3-4-2-1-3-4/a?-b1_b?-c1_c?-d1_c?-h1_d?-e1_e?-f1_e?-g1_h?-i1_i?-j1_i?-k1","WURCS=2.0/5,11,10/[a2122h-1b_1-5_2*NCC/3=O][a1122h-1b_1-5][a1122h-1a_1-5][a1221m-1a_1-5][a2112h-1b_1-5_2*NCC/3=O]/1-1-2-3-1-4-5-3-1-4-5/a4-b1_b4-c1_c3-d1_c6-h1_d2-e1_e3-f1_e4-g1_h2-i1_i3-j1_i4-k1",https://beta.glycosmos.org/glycans/mass/G21212XH?minimum=true,"WURCS=2.0/5,11,10/[a2122h-1b_1-5_2*NCC/3=O][a1122h-1b_1-5][a1122h-1a_1-5][a1221m-1a_1-5][a2112h-1b_1-5_2*NCC/3=O]/1-1-2-3-1-4-5-3-1-4-5/a4-b1_b4-c1_c3-d1_c6-h1_d2-e1_e3-f1_e4-g1_h2-i1_i3-j1_i4-k1"
GL126,BE6_70,G96963JX,G02654ED,G66937TJ,"WURCS=2.0/3,8,7/[a2122h-1x_1-5_2*NCC/3=O][a1122h-1x_1-5][a2112h-1x_1-5]/1-1-1-1-2-2-2-3/a?|b?|c?|d?|e?|f?|g?|h?}-{a?|b?|c?|d?|e?|f?|g?|h?_a?|b?|c?|d?|e?|f?|g?|h?}-{a?|b?|c?|d?|e?|f?|g?|h?_a?|b?|c?|d?|e?|f?|g?|h?}-{a?|b?|c?|d?|e?|f?|g?|h?_a?|b?|c?|d?|e?|f?|g?|h?}-{a?|b?|c?|d?|e?|f?|g?|h?_a?|b?|c?|d?|e?|f?|g?|h?}-{a?|b?|c?|d?|e?|f?|g?|h?_a?|b?|c?|d?|e?|f?|g?|h?}-{a?|b?|c?|d?|e?|f?|g?|h?_a?|b?|c?|d?|e?|f?|g?|h?}-{a?|b?|c?|d?|e?|f?|g?|h?","WURCS=2.0/3,8,7/[a2122h-1x_1-5_2*NCC/3=O][a1122h-1x_1-5][a2112h-1x_1-5]/1-1-2-2-1-3-2-1/a?-b1_b?-c1_c?-d1_c?-g1_d?-e1_e?-f1_g?-h1","WURCS=2.0/4,8,7/[a2122h-1b_1-5_2*NCC/3=O][a1122h-1b_1-5][a1122h-1a_1-5][a2112h-1b_1-5]/1-1-2-3-1-4-3-1/a4-b1_b4-c1_c3-d1_c6-g1_d2-e1_e4-f1_g2-h1",https://beta.glycosmos.org/glycans/mass/G02654ED?minimum=true,
GL127,BE6_72,G96963JX,G02654ED,G89993FE,,"WURCS=2.0/3,8,7/[a2122h-1x_1-5_2*NCC/3=O][a1122h-1x_1-5][a2112h-1x_1-5]/1-1-2-2-1-3-2-1/a?-b1_b?-c1_c?-d1_c?-g1_d?-e1_e?-f1_g?-h1","WURCS=2.0/4,8,7/[a2122h-1b_1-5_2*NCC/3=O][a1122h-1b_1-5][a1122h-1a_1-5][a2112h-1b_1-5]/1-1-2-3-1-3-1-4/a4-b1_b4-c1_c3-d1_c6-f1_d2-e1_f2-g1_g4-h1",,
GL128,BE6_52,G67369WG,G57462DO,G67045LB,"WURCS=2.0/3,8,7/[a2122h-1x_1-5_2*NCC/3=O][a1122h-1x_1-5][a2112h-1x_1-5_2*NCC/3=O]/1-1-1-1-2-2-2-3/a?|b?|c?|d?|e?|f?|g?|h?}-{a?|b?|c?|d?|e?|f?|g?|h?_a?|b?|c?|d?|e?|f?|g?|h?}-{a?|b?|c?|d?|e?|f?|g?|h?_a?|b?|c?|d?|e?|f?|g?|h?}-{a?|b?|c?|d?|e?|f?|g?|h?_a?|b?|c?|d?|e?|f?|g?|h?}-{a?|b?|c?|d?|e?|f?|g?|h?_a?|b?|c?|d?|e?|f?|g?|h?}-{a?|b?|c?|d?|e?|f?|g?|h?_a?|b?|c?|d?|e?|f?|g?|h?}-{a?|b?|c?|d?|e?|f?|g?|h?_a?|b?|c?|d?|e?|f?|g?|h?}-{a?|b?|c?|d?|e?|f?|g?|h?","WURCS=2.0/3,8,7/[a2122h-1x_1-5_2*NCC/3=O][a1122h-1x_1-5][a2112h-1x_1-5_2*NCC/3=O]/1-1-2-2-1-3-2-1/a?-b1_b?-c1_c?-d1_c?-g1_d?-e1_e?-f1_g?-h1","WURCS=2.0/4,8,7/[a2122h-1b_1-5_2*NCC/3=O][a1122h-1b_1-5][a1122h-1a_1-5][a2112h-1b_1-5_2*NCC/3=O]/1-1-2-3-1-4-3-1/a4-b1_b4-c1_c3-d1_c6-g1_d2-e1_e4-f1_g2-h1",https://beta.glycosmos.org/glycans/mass/G57462DO?minimum=true,
GL129,BE6_49,G67369WG,G57462DO,G19868AX,,"WURCS=2.0/3,8,7/[a2122h-1x_1-5_2*NCC/3=O][a1122h-1x_1-5][a2112h-1x_1-5_2*NCC/3=O]/1-1-2-2-1-3-2-1/a?-b1_b?-c1_c?-d1_c?-g1_d?-e1_e?-f1_g?-h1","WURCS=2.0/4,8,7/[a2122h-1b_1-5_2*NCC/3=O][a1122h-1b_1-5][a1122h-1a_1-5][a2112h-1b_1-5_2*NCC/3=O]/1-1-2-3-1-3-1-4/a4-b1_b4-c1_c3-d1_c6-f1_d2-e1_f2-g1_g4-h1",,
GL130,BE6_80,G63471OY,G87192OC,G63074CQ,"WURCS=2.0/4,9,8/[a1221m-1x_1-5][a2122h-1x_1-5_2*NCC/3=O][a1122h-1x_1-5][a2112h-1x_1-5_2*NCC/3=O]/1-2-2-2-2-3-3-3-4/a?|b?|c?|d?|e?|f?|g?|h?|i?}-{a?|b?|c?|d?|e?|f?|g?|h?|i?_a?|b?|c?|d?|e?|f?|g?|h?|i?}-{a?|b?|c?|d?|e?|f?|g?|h?|i?_a?|b?|c?|d?|e?|f?|g?|h?|i?}-{a?|b?|c?|d?|e?|f?|g?|h?|i?_a?|b?|c?|d?|e?|f?|g?|h?|i?}-{a?|b?|c?|d?|e?|f?|g?|h?|i?_a?|b?|c?|d?|e?|f?|g?|h?|i?}-{a?|b?|c?|d?|e?|f?|g?|h?|i?_a?|b?|c?|d?|e?|f?|g?|h?|i?}-{a?|b?|c?|d?|e?|f?|g?|h?|i?_a?|b?|c?|d?|e?|f?|g?|h?|i?}-{a?|b?|c?|d?|e?|f?|g?|h?|i?_a?|b?|c?|d?|e?|f?|g?|h?|i?}-{a?|b?|c?|d?|e?|f?|g?|h?|i?","WURCS=2.0/4,8,7/[a2122h-1x_1-5_2*NCC/3=O][a1122h-1x_1-5][a1221m-1x_1-5][a2112h-1x_1-5_2*NCC/3=O]/1-1-2-2-1-3-4-2/a?-b1_b?-c1_c?-d1_c?-h1_d?-e1_e?-f1_e?-g1","WURCS=2.0/5,9,8/[a2122h-1b_1-5_2*NCC/3=O][a1122h-1b_1-5][a1122h-1a_1-5][a1221m-1a_1-5][a2112h-1b_1-5_2*NCC/3=O]/1-1-2-3-1-4-5-3-1/a4-b1_b4-c1_c3-d1_c6-h1_d2-e1_e3-f1_e4-g1_h2-i1",https://beta.glycosmos.org/glycans/mass/G87192OC?minimum=true,
GL131,BE6_82,G63471OY,G87192OC,G25473LQ,,"WURCS=2.0/4,8,7/[a2122h-1x_1-5_2*NCC/3=O][a1122h-1x_1-5][a1221m-1x_1-5][a2112h-1x_1-5_2*NCC/3=O]/1-1-2-2-1-3-4-2/a?-b1_b?-c1_c?-d1_c?-h1_d?-e1_e?-f1_e?-g1","WURCS=2.0/5,9,8/[a2122h-1b_1-5_2*NCC/3=O][a1122h-1b_1-5][a1122h-1a_1-5][a1221m-1a_1-5][a2112h-1b_1-5_2*NCC/3=O]/1-1-2-3-1-3-1-4-5/a4-b1_b4-c1_c3-d1_c6-f1_d2-e1_f2-g1_g3-h1_g4-i1",https://beta.glycosmos.org/glycans/mass/G87192OC?minimum=true,
GL132,BE6_58,G22773AO,G61991QV,G32699RJ,"WURCS=2.0/4,10,9/[a1221m-1x_1-5][a2122h-1x_1-5_2*NCC/3=O][a1122h-1x_1-5][a2112h-1x_1-5_2*NCC/3=O]/1-2-2-2-2-3-3-3-4-4/a?|b?|c?|d?|e?|f?|g?|h?|i?|j?}-{a?|b?|c?|d?|e?|f?|g?|h?|i?|j?_a?|b?|c?|d?|e?|f?|g?|h?|i?|j?}-{a?|b?|c?|d?|e?|f?|g?|h?|i?|j?_a?|b?|c?|d?|e?|f?|g?|h?|i?|j?}-{a?|b?|c?|d?|e?|f?|g?|h?|i?|j?_a?|b?|c?|d?|e?|f?|g?|h?|i?|j?}-{a?|b?|c?|d?|e?|f?|g?|h?|i?|j?_a?|b?|c?|d?|e?|f?|g?|h?|i?|j?}-{a?|b?|c?|d?|e?|f?|g?|h?|i?|j?_a?|b?|c?|d?|e?|f?|g?|h?|i?|j?}-{a?|b?|c?|d?|e?|f?|g?|h?|i?|j?_a?|b?|c?|d?|e?|f?|g?|h?|i?|j?}-{a?|b?|c?|d?|e?|f?|g?|h?|i?|j?_a?|b?|c?|d?|e?|f?|g?|h?|i?|j?}-{a?|b?|c?|d?|e?|f?|g?|h?|i?|j?_a?|b?|c?|d?|e?|f?|g?|h?|i?|j?}-{a?|b?|c?|d?|e?|f?|g?|h?|i?|j?","WURCS=2.0/4,10,9/[a2122h-1x_1-5_2*NCC/3=O][a1122h-1x_1-5][a1221m-1x_1-5][a2112h-1x_1-5_2*NCC/3=O]/1-1-2-2-1-3-4-2-1-4/a?-b1_b?-c1_c?-d1_c?-h1_d?-e1_e?-f1_e?-g1_h?-i1_i?-j1","WURCS=2.0/5,10,9/[a2122h-1b_1-5_2*NCC/3=O][a1122h-1b_1-5][a1122h-1a_1-5][a1221m-1a_1-5][a2112h-1b_1-5_2*NCC/3=O]/1-1-2-3-1-4-5-3-1-5/a4-b1_b4-c1_c3-d1_c6-h1_d2-e1_e3-f1_e4-g1_h2-i1_i4-j1",https://beta.glycosmos.org/glycans/mass/G61991QV?minimum=true,"WURCS=2.0/5,10,9/[a2122h-1b_1-5_2*NCC/3=O][a1122h-1b_1-5][a1122h-1a_1-5][a1221m-1a_1-5][a2112h-1b_1-5_2*NCC/3=O]/1-1-2-3-1-4-5-3-1-5/a4-b1_b4-c1_c3-d1_c6-h1_d2-e1_e3-f1_e4-g1_h2-i1_i4-j1"
GL133,BE6_56,G22773AO,G61991QV,G02670IJ,,,"WURCS=2.0/5,10,9/[a2122h-1b_1-5_2*NCC/3=O][a1122h-1b_1-5][a1122h-1a_1-5][a2112h-1b_1-5_2*NCC/3=O][a1221m-1a_1-5]/1-1-2-3-1-4-3-1-5-4/a4-b1_b4-c1_c3-d1_c6-g1_d2-e1_e4-f1_g2-h1_h3-i1_h4-j1",△,"WURCS=2.0/5,10,9/[a2122h-1b_1-5_2*NCC/3=O][a1122h-1b_1-5][a1122h-1a_1-5][a2112h-1b_1-5_2*NCC/3=O][a1221m-1a_1-5]/1-1-2-3-1-4-3-1-5-4/a4-b1_b4-c1_c3-d1_c6-g1_d2-e1_e4-f1_g2-h1_h3-i1_h4-j1"
GL134,SS8_30,G82393JR,G42171JS,G51175PR,"WURCS=2.0/3,8,7/[a1221m-1x_1-5][a2122h-1x_1-5_2*NCC/3=O][a1122h-1x_1-5]/1-2-2-3-3-3-3-3/a?|b?|c?|d?|e?|f?|g?|h?}-{a?|b?|c?|d?|e?|f?|g?|h?_a?|b?|c?|d?|e?|f?|g?|h?}-{a?|b?|c?|d?|e?|f?|g?|h?_a?|b?|c?|d?|e?|f?|g?|h?}-{a?|b?|c?|d?|e?|f?|g?|h?_a?|b?|c?|d?|e?|f?|g?|h?}-{a?|b?|c?|d?|e?|f?|g?|h?_a?|b?|c?|d?|e?|f?|g?|h?}-{a?|b?|c?|d?|e?|f?|g?|h?_a?|b?|c?|d?|e?|f?|g?|h?}-{a?|b?|c?|d?|e?|f?|g?|h?_a?|b?|c?|d?|e?|f?|g?|h?}-{a?|b?|c?|d?|e?|f?|g?|h?","WURCS=2.0/3,8,7/[a2122h-1x_1-5_2*NCC/3=O][a1122h-1x_1-5][a1221m-1x_1-5]/1-1-2-2-2-2-2-3/a?-b1_a?-h1_b?-c1_c?-d1_c?-g1_d?-e1_d?-f1","WURCS=2.0/4,8,7/[a2122h-1b_1-5_2*NCC/3=O][a1122h-1b_1-5][a1122h-1a_1-5][a1221m-1a_1-5]/1-1-2-3-3-3-3-4/a4-b1_a6-h1_b4-c1_c3-d1_c6-e1_e3-f1_e6-g1",https://beta.glycosmos.org/glycans/mass/G42171JS?minimum=true,
GL135,SS6_101,G24301BN,G72398VP,G64669AQ,"WURCS=2.0/3,8,7/[a1221m-1x_1-5][a2122h-1x_1-5_2*NCC/3=O][a1122h-1x_1-5]/1-2-2-2-2-3-3-3/a?|b?|c?|d?|e?|f?|g?|h?}-{a?|b?|c?|d?|e?|f?|g?|h?_a?|b?|c?|d?|e?|f?|g?|h?}-{a?|b?|c?|d?|e?|f?|g?|h?_a?|b?|c?|d?|e?|f?|g?|h?}-{a?|b?|c?|d?|e?|f?|g?|h?_a?|b?|c?|d?|e?|f?|g?|h?}-{a?|b?|c?|d?|e?|f?|g?|h?_a?|b?|c?|d?|e?|f?|g?|h?}-{a?|b?|c?|d?|e?|f?|g?|h?_a?|b?|c?|d?|e?|f?|g?|h?}-{a?|b?|c?|d?|e?|f?|g?|h?_a?|b?|c?|d?|e?|f?|g?|h?}-{a?|b?|c?|d?|e?|f?|g?|h?","WURCS=2.0/3,8,7/[a2122h-1x_1-5_2*NCC/3=O][a1122h-1x_1-5][a1221m-1x_1-5]/1-1-2-2-1-2-1-3/a?-b1_a?-h1_b?-c1_c?-d1_c?-f1_d?-e1_f?-g1","WURCS=2.0/4,8,7/[a2122h-1b_1-5_2*NCC/3=O][a1221m-1a_1-5][a1122h-1b_1-5][a1122h-1a_1-5]/1-2-1-3-4-1-4-1/a3-b1_a4-c1_c4-d1_d3-e1_d6-g1_e2-f1_g2-h1",https://beta.glycosmos.org/glycans/mass/G72398VP?minimum=true,